"00","Unspecified",NULL,NULL,"Não especificado",NULL,NULL,NULL,"1","0","#c7c7c7"
"000000","Unspecified",NULL,NULL,"Não especificado",NULL,NULL,NULL,"1","0","#c7c7c7"
"01","Basic Courses",NULL,NULL,"Área básica de cursos",NULL,NULL,NULL,"0","0","#7f7f7f"
"010B00","Basic Courses",NULL,NULL,"Área básica de cursos",NULL,NULL,NULL,"1","0","#7f7f7f"
"14","Education",NULL,NULL,"Educação",NULL,NULL,NULL,"0","0","#cc0000"
"140E01","Distance Education",NULL,NULL,"Educação a distância",NULL,NULL,NULL,"1","0","#cc0000"
"140E02","Education and Communication",NULL,NULL,"Educação e comunicação",NULL,NULL,NULL,"1","0","#cc0000"
"140T01","Education Technology",NULL,NULL,"Tecnologia da educação",NULL,NULL,NULL,"1","0","#cc0000"
"140T02","Training and Development of Human Resources",NULL,NULL,"Treinamento e desenvolvimento de recursos humanos",NULL,NULL,NULL,"1","0","#cc0000"
"142A01","Educational Administration",NULL,NULL,"Administração educacional",NULL,NULL,NULL,"1","0","#cc0000"
"142C01","Education Sciences",NULL,NULL,"Ciência da educação",NULL,NULL,NULL,"1","0","#cc0000"
"142D01","Didactics",NULL,NULL,"Didática",NULL,NULL,NULL,"1","0","#cc0000"
"142E01","Youth and Adult Education",NULL,NULL,"Educação de jovens e adultos",NULL,NULL,NULL,"1","0","#cc0000"
"142E02","Special Education",NULL,NULL,"Educação especial",NULL,NULL,NULL,"1","0","#cc0000"
"142E03","Childhood Education",NULL,NULL,"Educação infantil",NULL,NULL,NULL,"1","0","#cc0000"
"142E04","Organizational Education",NULL,NULL,"Educação organizacional",NULL,NULL,NULL,"1","0","#cc0000"
"142I01","School Inspection",NULL,NULL,"Inspeção escolar",NULL,NULL,NULL,"1","0","#cc0000"
"142O01","Educational Guidance",NULL,NULL,"Orientação educacional",NULL,NULL,NULL,"1","0","#cc0000"
"142P01","Teaching","Pedagogy",NULL,"Pedagogia",NULL,NULL,NULL,"1","0","#cc0000"
"142P02","Educational research",NULL,NULL,"Pesquisa educacional",NULL,NULL,NULL,"1","0","#cc0000"
"142P03","Psychopedagogy",NULL,NULL,"Psicopedagogia",NULL,NULL,NULL,"1","0","#cc0000"
"142S01","Educational supervision",NULL,NULL,"Supervisão educacional",NULL,NULL,NULL,"1","0","#cc0000"
"143F02","Childhood teacher education",NULL,NULL,"Formação de professor de educação infantil",NULL,NULL,NULL,"1","0","#cc0000"
"143F03","Pre-school teacher education",NULL,NULL,"Formação de professor de pré-escola",NULL,NULL,NULL,"1","0","#cc0000"
"144F01","Teacher education for end-graders of primary school",NULL,NULL,"Formação de professor das séries finais do ensino fundamental",NULL,NULL,NULL,"1","0","#cc0000"
"144F02","Teacher education for first-graders of primary school",NULL,NULL,"Formação de professor das séries iniciais do ensino fundamental",NULL,NULL,NULL,"1","0","#cc0000"
"144F04","Special teacher education",NULL,NULL,"Formação de professor de educação especial",NULL,NULL,NULL,"1","0","#cc0000"
"144F05","Teacher education for kindergarten and first-graders of primary school",NULL,NULL,"Formação de professor de educação infantil e séries iniciais do ensino fundamental",NULL,NULL,NULL,"1","0","#cc0000"
"144F06","Primary school teacher education",NULL,NULL,"Formação de professor do ensino fundamental",NULL,NULL,NULL,"1","0","#cc0000"
"144F07","Secondary school teacher education",NULL,NULL,"Formação de professor do ensino médio",NULL,NULL,NULL,"1","0","#cc0000"
"144F08","Youth and adult teacher education",NULL,NULL,"Formação de professor de jovens e adultos",NULL,NULL,NULL,"1","0","#cc0000"
"144F09","Teacher education for primary physical education",NULL,NULL,"Formação de professor de educação física para educação básica",NULL,NULL,NULL,"1","0","#cc0000"
"144F10","Teacher education for primary arts education",NULL,NULL,"Formação de professor de educação artística para educação básica",NULL,NULL,NULL,"1","0","#cc0000"
"144F11","Teacher education for primary education",NULL,NULL,"Formação de professor para a educação básica",NULL,NULL,NULL,"1","0","#cc0000"
"144F12","Teacher education in human sciences",NULL,NULL,"Formação de professor de ciências humanas",NULL,NULL,NULL,"1","0","#cc0000"
"144F13","Indigenous intercultural licentiate",NULL,NULL,"Licenciatura Intercultural Indígena",NULL,NULL,NULL,"1","0","#cc0000"
"144I01","Intercultural licentiate",NULL,NULL,"Licenciatura Intercultural",NULL,NULL,NULL,"1","0","#cc0000"
"144N01","College education for primary school teachers",NULL,NULL,"Normal superior",NULL,NULL,NULL,"1","0","#cc0000"
"145F01","Biology teacher education",NULL,NULL,"Formação de professor de biologia",NULL,NULL,NULL,"1","0","#cc0000"
"145F02","Sciences teacher education",NULL,NULL,"Formação de professor de ciências",NULL,NULL,NULL,"1","0","#cc0000"
"145F03","Drawing teacher education",NULL,NULL,"Formação de professor de desenho",NULL,NULL,NULL,"1","0","#cc0000"
"145F04","Civics teacher education",NULL,NULL,"Formação de professor de educação cívica",NULL,NULL,NULL,"1","0","#cc0000"
"145F05","Religion studies teacher education",NULL,NULL,"Formação de professor de educação religiosa",NULL,NULL,NULL,"1","0","#cc0000"
"145F06","Statistics teacher education",NULL,NULL,"Formação de professor de estatística",NULL,NULL,NULL,"1","0","#cc0000"
"145F07","Social studies teacher education",NULL,NULL,"Formação de professor de estudos sociais",NULL,NULL,NULL,"1","0","#cc0000"
"145F08","Philosophy teacher education",NULL,NULL,"Formação de professor de filosofia",NULL,NULL,NULL,"1","0","#cc0000"
"145F09","Physics teacher education",NULL,NULL,"Formação de professor de física",NULL,NULL,NULL,"1","0","#cc0000"
"145F10","Geography teacher education",NULL,NULL,"Formação de professor de geografia",NULL,NULL,NULL,"1","0","#cc0000"
"145F11","History teacher education",NULL,NULL,"Formação de professor de história",NULL,NULL,NULL,"1","0","#cc0000"
"145F12","Languages teacher education",NULL,NULL,"Formação de professor de letras",NULL,NULL,NULL,"1","0","#cc0000"
"145F13","Foreign language/classical literature teacher education",NULL,NULL,"Formação de professor de língua/literatura estrangeira clássica",NULL,NULL,NULL,"1","0","#cc0000"
"145F14","Foreign language/modern literature teacher education",NULL,NULL,"Formação de professor de língua/literatura estrangeira moderna",NULL,NULL,NULL,"1","0","#cc0000"
"145F15","Vernacular language/literature teacher education",NULL,NULL,"Formação de professor de língua/literatura vernácula (português)",NULL,NULL,NULL,"1","0","#cc0000"
"145F16","Vernacular language/literature and foreign classical language teacher education",NULL,NULL,"Formação de professor de língua/literatura vernácula e língua estrangeira clássica",NULL,NULL,NULL,"1","0","#cc0000"
"145F17","Vernacular language/literature and foreign modern language teacher education",NULL,NULL,"Formação de professor de língua/literatura vernácula e língua estrangeira moderna",NULL,NULL,NULL,"1","0","#cc0000"
"145F18","Mathematics teacher education",NULL,NULL,"Formação de professor de matemática",NULL,NULL,NULL,"1","0","#cc0000"
"145F19","Pedagogical matters teacher education",NULL,NULL,"Formação de professor de matérias pedagógicas",NULL,NULL,NULL,"1","0","#cc0000"
"145F20","Psychology teacher education",NULL,NULL,"Formação de professor de psicologia",NULL,NULL,NULL,"1","0","#cc0000"
"145F21","Chemistry teacher education",NULL,NULL,"Formação de professor de química",NULL,NULL,NULL,"1","0","#cc0000"
"145F22","Linguistics teacher education",NULL,NULL,"Formação de professor de lingüística",NULL,NULL,NULL,"1","0","#cc0000"
"145F23","Anthropology teacher education",NULL,NULL,"Formação de professor de antropologia",NULL,NULL,NULL,"1","0","#cc0000"
"145F24","Sociology teacher education",NULL,NULL,"Formação de professor de sociologia",NULL,NULL,NULL,"1","0","#cc0000"
"145F25","Social sciences teacher education",NULL,NULL,"Formação de professor em ciências sociais",NULL,NULL,NULL,"1","0","#cc0000"
"145F26","Second language teacher education",NULL,NULL,"Formação de professor de segunda língua",NULL,NULL,NULL,"1","0","#cc0000"
"145F27","Political science teacher education",NULL,NULL,"Formação de professor de ciência política",NULL,NULL,NULL,"1","0","#cc0000"
"146F01","Agronomy teacher education",NULL,NULL,"Formação de professor de agronomia",NULL,NULL,NULL,"1","0","#cc0000"
"146F02","Arts teacher education",NULL,NULL,"Formação de professor de artes (educação artística)",NULL,NULL,NULL,"1","0","#cc0000"
"146F03","Plastic arts teacher education",NULL,NULL,"Formação de professor de artes plásticas",NULL,NULL,NULL,"1","0","#cc0000"
"146F04","Visual arts teacher education",NULL,NULL,"Formação de professor de artes visuais",NULL,NULL,NULL,"1","0","#cc0000"
"146F05","Computer (IT) teacher education",NULL,NULL,"Formação de professor de computação (informática)",NULL,NULL,NULL,"1","0","#cc0000"
"146F06","Civil construction teacher education",NULL,NULL,"Formação de professor de construção civil",NULL,NULL,NULL,"1","0","#cc0000"
"146F07","Dance (art) teacher education",NULL,NULL,"Formação de professor de dança",NULL,NULL,NULL,"1","0","#cc0000"
"146F09","Teacher education in primary sector disciplines (agriculture, livestock, etc.)",NULL,NULL,"Formação de professor de disciplinas do setor primário (agricultura, pecuária, etc)",NULL,NULL,NULL,"1","0","#cc0000"
"146F10","Teacher education in secondary sector disciplines (industry)",NULL,NULL,"Formação de professor de disciplinas do setor secundário (indústria)",NULL,NULL,NULL,"1","0","#cc0000"
"146F11","Teacher education in tertiary sector disciplines (commerce)",NULL,NULL,"Formação de professor de disciplinas do setor terciário (comércio)",NULL,NULL,NULL,"1","0","#cc0000"
"146F12","Teacher education in professional disciplines of secondary school",NULL,NULL,"Formação de professor de disciplinas profissionalizantes do ensino médio",NULL,NULL,NULL,"1","0","#cc0000"
"146F13","Teacher education in technical disciplines",NULL,NULL,"Formação de professor de disciplinas técnicas",NULL,NULL,NULL,"1","0","#cc0000"
"146F14","Household economics teacher education",NULL,NULL,"Formação de professor de economia doméstica",NULL,NULL,NULL,"1","0","#cc0000"
"146F15","Physical education teacher education",NULL,NULL,"Formação de professor de educação física",NULL,NULL,NULL,"1","0","#cc0000"
"146F16","Electricity teacher education",NULL,NULL,"Formação de professor de eletricidade",NULL,NULL,NULL,"1","0","#cc0000"
"146F17","Nursing teacher education",NULL,NULL,"Formação de professor de enfermagem",NULL,NULL,NULL,"1","0","#cc0000"
"146F18","Geology teacher education",NULL,NULL,"Formação de professor de geologia",NULL,NULL,NULL,"1","0","#cc0000"
"146F19","Mechanics teacher education",NULL,NULL,"Formação de professor de mecânica",NULL,NULL,NULL,"1","0","#cc0000"
"146F20","Music teacher education",NULL,NULL,"Formação de professor de música",NULL,NULL,NULL,"1","0","#cc0000"
"146F21","Nutrition and dietetics teacher education",NULL,NULL,"Formação de professor de nutrição e dietética",NULL,NULL,NULL,"1","0","#cc0000"
"146F22","Dramaturgy (performing arts) teacher education",NULL,NULL,"Formação de professor de teatro (artes cênicas)",NULL,NULL,NULL,"1","0","#cc0000"
"146F24","Phonoaudiology teacher education",NULL,NULL,"Formação de professor em fonoaudiologia",NULL,NULL,NULL,"1","0","#cc0000"
"146F27","Business administration teacher education",NULL,NULL,"Formação de professor de administração",NULL,NULL,NULL,"1","0","#cc0000"
"146F28","Electronics teacher education",NULL,NULL,"Formação de professor de eletrônica",NULL,NULL,NULL,"1","0","#cc0000"
"146F29","Voice (singing) teacher education",NULL,NULL,"Formação de professor de canto",NULL,NULL,NULL,"1","0","#cc0000"
"146F30","Pharmacy teacher education",NULL,NULL,"Formação de professor de farmácia",NULL,NULL,NULL,"1","0","#cc0000"
"146F33","Decoration (interior design) teacher education",NULL,NULL,"Formação de professor de decoração",NULL,NULL,NULL,"1","0","#cc0000"
"146F34","Public security teacher education",NULL,NULL,"Formação de professor em segurança pública",NULL,NULL,NULL,"1","0","#cc0000"
"146F37","Environmental sciences teacher education",NULL,NULL,"Formação de professor em ciências ambientais",NULL,NULL,NULL,"1","0","#cc0000"
"146F38","Land survey teacher education",NULL,NULL,"Formação de professor de engenharia de agrimensura",NULL,NULL,NULL,"1","0","#cc0000"
"146F39","Physiotherapy teacher education",NULL,NULL,"Formação de professor de fisioterapia",NULL,NULL,NULL,"1","0","#cc0000"
"146F40","Zootechnics teacher education",NULL,NULL,"Formação de professor de zootecnia",NULL,NULL,NULL,"1","0","#cc0000"
"146F44","Psychomotricity teacher education",NULL,NULL,"Formação de professor de psicomotricidade",NULL,NULL,NULL,"1","0","#cc0000"
"146P01","Licentiate for professional and technological education",NULL,NULL,"Licenciatura para a educação profissional e tecnológica",NULL,NULL,NULL,"1","0","#cc0000"
"21","Arts and Design",NULL,NULL,"Artes e Design",NULL,NULL,NULL,"0","0","#93789e"
"210A01","Arts",NULL,NULL,"Artes",NULL,NULL,NULL,"1","0","#93789e"
"210A02","Arts and handcraft",NULL,NULL,"Artes e artesanato",NULL,NULL,NULL,"1","0","#93789e"
"210A03","Arts and education",NULL,NULL,"Artes e educação",NULL,NULL,NULL,"1","0","#93789e"
"210A04","Arts and media",NULL,NULL,"Artes e mídia",NULL,NULL,NULL,"1","0","#93789e"
"210E01","Arts education",NULL,NULL,"Educação artística",NULL,NULL,NULL,"1","0","#93789e"
"211A01","Plastic arts",NULL,NULL,"Artes plásticas",NULL,NULL,NULL,"1","0","#93789e"
"211A02","Visual arts",NULL,NULL,"Artes visuais",NULL,NULL,NULL,"1","0","#93789e"
"211B01","Fine arts",NULL,NULL,"Belas artes",NULL,NULL,NULL,"1","0","#93789e"
"211C01","Cinema and animation",NULL,NULL,"Cinema e animação",NULL,NULL,NULL,"1","0","#93789e"
"211D01","Artistic drawing",NULL,NULL,"Desenho (artístico)",NULL,NULL,NULL,"1","0","#93789e"
"211D02","Plastic drawing",NULL,NULL,"Desenho e plástica",NULL,NULL,NULL,"1","0","#93789e"
"211E01","Sculpture",NULL,NULL,"Escultura",NULL,NULL,NULL,"1","0","#93789e"
"211E02","Aesthetics",NULL,NULL,"Estética",NULL,NULL,NULL,"1","0","#93789e"
"211E03","Art studies",NULL,NULL,"Estudos de arte",NULL,NULL,NULL,"1","0","#93789e"
"211G01","Engraving (artistic)",NULL,NULL,"Gravura (artística)",NULL,NULL,NULL,"1","0","#93789e"
"211H01","History of art",NULL,NULL,"História da arte",NULL,NULL,NULL,"1","0","#93789e"
"211L01","Lithography",NULL,NULL,"Litografia",NULL,NULL,NULL,"1","0","#93789e"
"211P01","Artistic painting",NULL,NULL,"Pintura (artística)",NULL,NULL,NULL,"1","0","#93789e"
"211P02","Artistic painting and drawing",NULL,NULL,"Pintura e gravura",NULL,NULL,NULL,"1","0","#93789e"
"211S01","Serigraph",NULL,NULL,"Serigrafia",NULL,NULL,NULL,"1","0","#93789e"
"211T01","Theory of art",NULL,NULL,"Teoria da arte",NULL,NULL,NULL,"1","0","#93789e"
"212A01","Performing arts",NULL,NULL,"Artes cênicas",NULL,NULL,NULL,"1","0","#93789e"
"212A02","Performing arts - theatrical costumes",NULL,NULL,"Artes cênicas - indumentária",NULL,NULL,NULL,"1","0","#93789e"
"212A03","Lyrical arts",NULL,NULL,"Artes líricas",NULL,NULL,NULL,"1","0","#93789e"
"212C01","Singing",NULL,NULL,"Canto",NULL,NULL,NULL,"1","0","#93789e"
"212C02","Scenography",NULL,NULL,"Cenografia",NULL,NULL,NULL,"1","0","#93789e"
"212C04","Musical composition",NULL,NULL,"Composição (musical)",NULL,NULL,NULL,"1","0","#93789e"
"212C05","Musical composition and conducting",NULL,NULL,"Composição e regência",NULL,NULL,NULL,"1","0","#93789e"
"212D01","Dance (art)",NULL,NULL,"Dança (arte)",NULL,NULL,NULL,"1","0","#93789e"
"212D02","Theater directing",NULL,NULL,"Direção teatral",NULL,NULL,NULL,"1","0","#93789e"
"212I01","Musical instruments",NULL,NULL,"Instrumento (música)",NULL,NULL,NULL,"1","0","#93789e"
"212I02","Theatrical performance",NULL,NULL,"Interpretação teatral",NULL,NULL,NULL,"1","0","#93789e"
"212M02","Music",NULL,NULL,"Música",NULL,NULL,NULL,"1","0","#93789e"
"212R01","Musical conducting",NULL,NULL,"Regência (musical)",NULL,NULL,NULL,"1","0","#93789e"
"212T01","Theater",NULL,NULL,"Teatro",NULL,NULL,NULL,"1","0","#93789e"
"213A02","Animation",NULL,NULL,"Animação",NULL,NULL,NULL,"1","0","#93789e"
"213A04","Graphic arts",NULL,NULL,"Artes gráficas",NULL,NULL,NULL,"1","0","#93789e"
"213A05","Audiovisuals",NULL,NULL,"Audiovisuais",NULL,NULL,NULL,"1","0","#93789e"
"213C02","Digital Graphic Design",NULL,NULL,"Composição gráfica informatizada",NULL,NULL,NULL,"1","0","#93789e"
"213C05","Visual communication",NULL,NULL,"Comunicação visual",NULL,NULL,NULL,"1","0","#93789e"
"213C06","Graphic creation",NULL,NULL,"Criação gráfica",NULL,NULL,NULL,"1","0","#93789e"
"213C07","Carnival (experimental)",NULL,NULL,"Carnaval (Experimental)",NULL,NULL,NULL,"1","0","#93789e"
"213E01","Film Editing and Videotape",NULL,NULL,"Edição de filme e vídeo tape",NULL,NULL,NULL,"1","0","#93789e"
"213F01","Photography",NULL,NULL,"Fotografia",NULL,NULL,NULL,"1","0","#93789e"
"213I01","Lighting",NULL,NULL,"Iluminação",NULL,NULL,NULL,"1","0","#93789e"
"213I02","Illustration",NULL,NULL,"Ilustração",NULL,NULL,NULL,"1","0","#93789e"
"213M02","Multimedia",NULL,NULL,"Multimídia",NULL,NULL,NULL,"1","0","#93789e"
"213O03","Audio operator - disk jockey (DJ)",NULL,NULL,"Operador de áudio - diskjockey (dj)",NULL,NULL,NULL,"1","0","#93789e"
"213P01","Film production",NULL,NULL,"Produção cinematográfica",NULL,NULL,NULL,"1","0","#93789e"
"213P02","Multimedia production",NULL,NULL,"Produção de multimídia",NULL,NULL,NULL,"1","0","#93789e"
"213P03","Music Production",NULL,NULL,"Produção de música gravada",NULL,NULL,NULL,"1","0","#93789e"
"213P04","Radio and TV production",NULL,NULL,"Produção de rádio e tv",NULL,NULL,NULL,"1","0","#93789e"
"213P06","Graphic Design",NULL,NULL,"Programação visual",NULL,NULL,NULL,"1","0","#93789e"
"213P07","Cultural Production",NULL,NULL,"Produção Cultural",NULL,NULL,NULL,"1","0","#93789e"
"213S01","Sound and image",NULL,NULL,"Som e imagem",NULL,NULL,NULL,"1","0","#93789e"
"214D01","Interior decorating",NULL,NULL,"Decoração de interiores",NULL,NULL,NULL,"1","0","#93789e"
"214D02","Fashion design",NULL,NULL,"Desenho de moda",NULL,NULL,NULL,"1","0","#93789e"
"214D03","Industrial products design (artistic)",NULL,NULL,"Desenho de produtos industriais (artístico)",NULL,NULL,NULL,"1","0","#93789e"
"214D04","Industrial design (artistic)",NULL,NULL,"Desenho industrial (artístico)",NULL,NULL,NULL,"1","0","#93789e"
"214D05","Design",NULL,NULL,"Design",NULL,NULL,NULL,"1","0","#93789e"
"214D06","Interior design",NULL,NULL,"Design de interiores",NULL,NULL,NULL,"1","0","#93789e"
"214D07","Product design",NULL,NULL,"Design de produto",NULL,NULL,NULL,"1","0","#93789e"
"214E01","Styling",NULL,NULL,"Estilismo",NULL,NULL,NULL,"1","0","#93789e"
"214M01","Fashion",NULL,NULL,"Moda",NULL,NULL,NULL,"1","0","#93789e"
"214M02","Modeling",NULL,NULL,"Modelagem",NULL,NULL,NULL,"1","0","#93789e"
"214P01","Product design project",NULL,NULL,"Projeto de produto",NULL,NULL,NULL,"1","0","#93789e"
"214V01","Shop windows",NULL,NULL,"Vitrines",NULL,NULL,NULL,"1","0","#93789e"
"215C01","Pottery (handmade)",NULL,NULL,"Cerâmica (artesanal)",NULL,NULL,NULL,"1","0","#93789e"
"215C02","Preservation and restoration of cultural works",NULL,NULL,"Conservação e restauro de material cultural",NULL,NULL,NULL,"1","0","#93789e"
"215C03","Jewelry design",NULL,NULL,"Criação de jóias (design)",NULL,NULL,NULL,"1","0","#93789e"
"215F01","Handmade musical instruments",NULL,NULL,"Fabricação de instrumentos musicais (não industrial)",NULL,NULL,NULL,"1","0","#93789e"
"215R01","Restoration",NULL,NULL,"Restauração",NULL,NULL,NULL,"1","0","#93789e"
"22","Humanities",NULL,NULL,"Humanidades",NULL,NULL,NULL,"0","0","#d66011"
"220H01","Humanities",NULL,NULL,"Humanidades",NULL,NULL,NULL,"1","0","#d66011"
"220L01","Languages",NULL,NULL,"Letras",NULL,NULL,NULL,"1","0","#d66011"
"220L02","Vernacular Language/literature and foreign languages/classical literature",NULL,NULL,"Língua/literatura vernácula e línguas/literaturas estrangeiras clássicas",NULL,NULL,NULL,"1","0","#d66011"
"220L03","Vernacular Language/literature and foreign languages/modern literature",NULL,NULL,"Língua/literatura vernácula e línguas/literaturas estrangeiras modernas",NULL,NULL,NULL,"1","0","#d66011"
"220L04","Linguistics",NULL,NULL,"Lingüística (línguas)",NULL,NULL,NULL,"1","0","#d66011"
"220L05","Bilingual executive secretary",NULL,NULL,"Secretariado executivo bilíngüe",NULL,NULL,NULL,"1","0","#d66011"
"220L06","Trilingual executive secretary",NULL,NULL,"Secretariado executivo trilíngüe",NULL,NULL,NULL,"1","0","#d66011"
"220L07","Literature",NULL,NULL,"Literatura",NULL,NULL,NULL,"1","0","#d66011"
"221E01","Study of sacred texts",NULL,NULL,"Estudo de textos sagrados",NULL,NULL,NULL,"1","0","#d66011"
"221E02","Religion studies",NULL,NULL,"Estudos religiosos",NULL,NULL,NULL,"1","0","#d66011"
"221T01","Theology",NULL,NULL,"Teologia",NULL,NULL,NULL,"1","0","#d66011"
"222I01","Interpreter",NULL,NULL,"Intérprete",NULL,NULL,NULL,"1","0","#d66011"
"222L01","Languages/foreign modern literatures",NULL,NULL,"Línguas/literaturas estrangeiras modernas",NULL,NULL,NULL,"1","0","#d66011"
"222L02","Extinct/classical languages",NULL,NULL,"Línguas mortas/clássicas",NULL,NULL,NULL,"1","0","#d66011"
"222L03","Linguistics of foreign languages",NULL,NULL,"Lingüística de línguas estrangeiras",NULL,NULL,NULL,"1","0","#d66011"
"222S01","Second languages",NULL,NULL,"Segundas línguas",NULL,NULL,NULL,"1","0","#d66011"
"222S02","Semantics of foreign language",NULL,NULL,"Semântica de línguas estrangeiras",NULL,NULL,NULL,"1","0","#d66011"
"222T01","Translator",NULL,NULL,"Tradutor",NULL,NULL,NULL,"1","0","#d66011"
"222T02","Translator and interpreter",NULL,NULL,"Tradutor e intérprete",NULL,NULL,NULL,"1","0","#d66011"
"223C01","Assistive communication",NULL,NULL,"Comunicação assistiva",NULL,NULL,NULL,"1","0","#d66011"
"223L01","Vernacular language/literature",NULL,NULL,"Língua/literatura vernácula (português)",NULL,NULL,NULL,"1","0","#d66011"
"223L02","Sign language",NULL,NULL,"Linguagem de sinais",NULL,NULL,NULL,"1","0","#d66011"
"223L03","Native languages",NULL,NULL,"Línguas nativas",NULL,NULL,NULL,"1","0","#d66011"
"223L04","Linguistics of vernacular language",NULL,NULL,"Lingüística da língua vernácula",NULL,NULL,NULL,"1","0","#d66011"
"223R01","Creative writing / written expression",NULL,NULL,"Redação criativa / expressão escrita",NULL,NULL,NULL,"1","0","#d66011"
"225A01","Archaeology",NULL,NULL,"Arqueologia",NULL,NULL,NULL,"1","0","#d66011"
"225H01","History",NULL,NULL,"História",NULL,NULL,NULL,"1","0","#d66011"
"225H03","Culture history",NULL,NULL,"História da cultura",NULL,NULL,NULL,"1","0","#d66011"
"225M01","Museology",NULL,NULL,"Museologia",NULL,NULL,NULL,"1","0","#d66011"
"226E01","Ethics",NULL,NULL,"Ética",NULL,NULL,NULL,"1","0","#d66011"
"226F01","Philosophy",NULL,NULL,"Filosofia",NULL,NULL,NULL,"1","0","#d66011"
"226M01","Moral",NULL,NULL,"Moral",NULL,NULL,NULL,"1","0","#d66011"
"31","Social Sciences",NULL,NULL,"Ciências Sociais",NULL,NULL,NULL,"0","0","#e0902f"
"310C01","Behavioral sciences",NULL,NULL,"Ciências comportamentais",NULL,NULL,NULL,"1","0","#e0902f"
"310C02","Social sciences",NULL,NULL,"Ciências sociais",NULL,NULL,NULL,"1","0","#e0902f"
"311F01","Training of psychologists",NULL,NULL,"Formação de psicólogos",NULL,NULL,NULL,"1","0","#e0902f"
"311P02","Psychology",NULL,NULL,"Psicologia",NULL,NULL,NULL,"1","0","#e0902f"
"311P03","Development psychology",NULL,NULL,"Psicologia do desenvolvimento",NULL,NULL,NULL,"1","0","#e0902f"
"311P06","Psychologist training",NULL,NULL,"Formação de psicólogos",NULL,NULL,NULL,"1","0","#e0902f"
"311P07","Work psychology",NULL,NULL,"Psicologia do trabalho",NULL,NULL,NULL,"1","0","#e0902f"
"311R01","Human relations",NULL,NULL,"Relações humanas",NULL,NULL,NULL,"1","0","#e0902f"
"312A01","Social anthropology",NULL,NULL,"Antropologia social",NULL,NULL,NULL,"1","0","#e0902f"
"312C02","Regional cultures",NULL,NULL,"Culturas regionais",NULL,NULL,NULL,"1","0","#e0902f"
"312E01","Cultural studies",NULL,NULL,"Estudos culturais",NULL,NULL,NULL,"1","0","#e0902f"
"312E02","Gender studies",NULL,NULL,"Estudos de gênero",NULL,NULL,NULL,"1","0","#e0902f"
"312E03","Social studies",NULL,NULL,"Estudos sociais",NULL,NULL,NULL,"1","0","#e0902f"
"312G01","Cultural geography",NULL,NULL,"Geografia cultural",NULL,NULL,NULL,"1","0","#e0902f"
"312G02","Human geography",NULL,NULL,"Geografia humana",NULL,NULL,NULL,"1","0","#e0902f"
"312G03","Social geography",NULL,NULL,"Geografia social",NULL,NULL,NULL,"1","0","#e0902f"
"312P01","Cultural production",NULL,NULL,"Produção cultural",NULL,NULL,NULL,"1","0","#e0902f"
"312S01","Sociology",NULL,NULL,"Sociologia",NULL,NULL,NULL,"1","0","#e0902f"
"313C01","Political Science",NULL,NULL,"Ciência política",NULL,NULL,NULL,"1","0","#e0902f"
"313D01","Human rights",NULL,NULL,"Direitos humanos",NULL,NULL,NULL,"1","0","#e0902f"
"313P01","Politics",NULL,NULL,"Política",NULL,NULL,NULL,"1","0","#e0902f"
"313R01","International relations",NULL,NULL,"Relações internacionais",NULL,NULL,NULL,"1","0","#e0902f"
"314E02","Economics",NULL,NULL,"Economia",NULL,NULL,NULL,"1","0","#e0902f"
"314E03","International economy",NULL,NULL,"Economia internacional",NULL,NULL,NULL,"1","0","#e0902f"
"314E04","Political economy",NULL,NULL,"Economia política",NULL,NULL,NULL,"1","0","#e0902f"
"32","Communications",NULL,NULL,"Comunicações",NULL,NULL,NULL,"0","0","#57d200"
"321C01","Cinema and video",NULL,NULL,"Cinema e vídeo",NULL,NULL,NULL,"1","0","#57d200"
"321C02","Social communication (writing and content)",NULL,NULL,"Comunicação social (redação e conteúdo)",NULL,NULL,NULL,"1","0","#57d200"
"321I01","Information (writing and content)",NULL,NULL,"Informação (redação e conteúdo)",NULL,NULL,NULL,"1","0","#57d200"
"321J01","Journalism",NULL,NULL,"Jornalismo",NULL,NULL,NULL,"1","0","#57d200"
"321N01","News and reportage",NULL,NULL,"Noticiário e reportagem",NULL,NULL,NULL,"1","0","#57d200"
"321P01","Editorial production",NULL,NULL,"Produção editorial",NULL,NULL,NULL,"1","0","#57d200"
"321P02","Publishing (messages dissemination)",NULL,NULL,"Publicação (disseminação de mensagens)",NULL,NULL,NULL,"1","0","#57d200"
"321R01","Radio and tele journalism",NULL,NULL,"Rádio e tele-jornalismo",NULL,NULL,NULL,"1","0","#57d200"
"321R02","Radiodifusion",NULL,NULL,"Radialismo",NULL,NULL,NULL,"1","0","#57d200"
"322A01","Archival science",NULL,NULL,"Arquivologia",NULL,NULL,NULL,"1","0","#57d200"
"322B01","Bibliotechnology",NULL,NULL,"Biblioteconomia",NULL,NULL,NULL,"1","0","#57d200"
"322B02","Information search",NULL,NULL,"Busca da informação",NULL,NULL,NULL,"1","0","#57d200"
"322C01","Information science",NULL,NULL,"Ciência da informação",NULL,NULL,NULL,"1","0","#57d200"
"322D02","Museologic documentation",NULL,NULL,"Documentação museológica",NULL,NULL,NULL,"1","0","#57d200"
"34","Business",NULL,NULL,"Negócios",NULL,NULL,NULL,"0","0","#b7834b"
"340C01","Trade and commerce",NULL,NULL,"Comércio",NULL,NULL,NULL,"1","0","#b7834b"
"340E01","Business economy",NULL,NULL,"Economia de negócios (economia empresarial)",NULL,NULL,NULL,"1","0","#b7834b"
"340N01","Business and management",NULL,NULL,"Negócios e administração",NULL,NULL,NULL,"1","0","#b7834b"
"340N02","International business",NULL,NULL,"Negócios internacionais",NULL,NULL,NULL,"1","0","#b7834b"
"340P01","Administrative planning",NULL,NULL,"Planejamento administrativo",NULL,NULL,NULL,"1","0","#b7834b"
"341C01","Purchase and sale",NULL,NULL,"Compra e venda",NULL,NULL,NULL,"1","0","#b7834b"
"341C02","Purchasing",NULL,NULL,"Compras",NULL,NULL,NULL,"1","0","#b7834b"
"341N01","Real estate business",NULL,NULL,"Negócios imobiliários",NULL,NULL,NULL,"1","0","#b7834b"
"341R01","Sales representation",NULL,NULL,"Representação de vendas",NULL,NULL,NULL,"1","0","#b7834b"
"341S01","Customer services",NULL,NULL,"Serviços ao consumidor",NULL,NULL,NULL,"1","0","#b7834b"
"341V01","Wholesale sales",NULL,NULL,"Vendas em atacado",NULL,NULL,NULL,"1","0","#b7834b"
"341V02","Retail sales",NULL,NULL,"Vendas em varejo",NULL,NULL,NULL,"1","0","#b7834b"
"341V03","Internet sales",NULL,NULL,"Vendas pela internet",NULL,NULL,NULL,"1","0","#b7834b"
"341V04","Telephone sales",NULL,NULL,"Vendas por telefone",NULL,NULL,NULL,"1","0","#b7834b"
"342C01","Institutional communication",NULL,NULL,"Comunicação Institucional",NULL,NULL,NULL,"1","0","#b7834b"
"342M01","Marketing and advertising",NULL,NULL,"Marketing e propaganda",NULL,NULL,NULL,"1","0","#b7834b"
"342M02","Marketing",NULL,NULL,"Mercadologia (marketing)",NULL,NULL,NULL,"1","0","#b7834b"
"342P01","Market survey",NULL,NULL,"Pesquisa de mercado",NULL,NULL,NULL,"1","0","#b7834b"
"342P02","Advertising",NULL,NULL,"Publicidade e propaganda",NULL,NULL,NULL,"1","0","#b7834b"
"342R01","Public relations",NULL,NULL,"Relações públicas",NULL,NULL,NULL,"1","0","#b7834b"
"343A01","Financial analysis",NULL,NULL,"Análise financeira",NULL,NULL,NULL,"1","0","#b7834b"
"343A02","Investment analysis",NULL,NULL,"Análise de investimentos",NULL,NULL,NULL,"1","0","#b7834b"
"343B01","Banking and finance",NULL,NULL,"Bancos e finanças",NULL,NULL,NULL,"1","0","#b7834b"
"343F01","Finance, banking, insurance",NULL,NULL,"Finanças, bancos, seguros",NULL,NULL,NULL,"1","0","#b7834b"
"343F02","Executives training for financial institutions",NULL,NULL,"Formação de executivos para instituições financeiras",NULL,NULL,NULL,"1","0","#b7834b"
"343I01","Investments and securities",NULL,NULL,"Investimentos e títulos/valores (securities)",NULL,NULL,NULL,"1","0","#b7834b"
"343M01","Capital markets",NULL,NULL,"Mercado de capitais",NULL,NULL,NULL,"1","0","#b7834b"
"343N01","Financial affairs",NULL,NULL,"Negócios financeiros",NULL,NULL,NULL,"1","0","#b7834b"
"343S01","Insurance",NULL,NULL,"Seguros",NULL,NULL,NULL,"1","0","#b7834b"
"343T01","Financial theory",NULL,NULL,"Teoria financeira",NULL,NULL,NULL,"1","0","#b7834b"
"344A01","Auditing",NULL,NULL,"Auditoria",NULL,NULL,NULL,"1","0","#b7834b"
"344C01","Accounting",NULL,NULL,"Contabilidade",NULL,NULL,NULL,"1","0","#b7834b"
"344C02","Accounting science",NULL,NULL,"Ciências contábeis",NULL,NULL,NULL,"1","0","#b7834b"
"344C03","Accounting and costs",NULL,NULL,"Contabilidade e custos",NULL,NULL,NULL,"1","0","#b7834b"
"344T01","Taxation",NULL,NULL,"Tributação",NULL,NULL,NULL,"1","0","#b7834b"
"345A01","Management",NULL,NULL,"Administração",NULL,NULL,NULL,"1","0","#b7834b"
"345A02","Management of cooperatives",NULL,NULL,"Administração de cooperativas",NULL,NULL,NULL,"1","0","#b7834b"
"345A03","Business administration",NULL,NULL,"Administração de empresas",NULL,NULL,NULL,"1","0","#b7834b"
"345A04","Management of human resources",NULL,NULL,"Administração de recursos humanos",NULL,NULL,NULL,"1","0","#b7834b"
"345A05","Management of systems analysis /information technology",NULL,NULL,"Administração em análise de sistemas / informática",NULL,NULL,NULL,"1","0","#b7834b"
"345A06","Management in foreign trade",NULL,NULL,"Administração em comércio exterior",NULL,NULL,NULL,"1","0","#b7834b"
"345A07","Hospital management",NULL,NULL,"Administração hospitalar",NULL,NULL,NULL,"1","0","#b7834b"
"345A08","Hotel management",NULL,NULL,"Administração hoteleira",NULL,NULL,NULL,"1","0","#b7834b"
"345A09","Market management",NULL,NULL,"Administração mercadológica",NULL,NULL,NULL,"1","0","#b7834b"
"345A10","Public administration",NULL,NULL,"Administração pública",NULL,NULL,NULL,"1","0","#b7834b"
"345A11","Rural administration",NULL,NULL,"Administração rural",NULL,NULL,NULL,"1","0","#b7834b"
"345A13","Services administration",NULL,NULL,"Administração em prestação de serviços",NULL,NULL,NULL,"1","0","#b7834b"
"345A14","Agribusiness management",NULL,NULL,"Administração de agronegócios",NULL,NULL,NULL,"1","0","#b7834b"
"345A15","Agroindustrial management",NULL,NULL,"Administração de agroindústria",NULL,NULL,NULL,"1","0","#b7834b"
"345A16","Industrial production management",NULL,NULL,"Administração da produção industrial",NULL,NULL,NULL,"1","0","#b7834b"
"345A17","Health services administration",NULL,NULL,"Administração dos serviços de saúde",NULL,NULL,NULL,"1","0","#b7834b"
"345A18","Industrial management",NULL,NULL,"Administração industrial",NULL,NULL,NULL,"1","0","#b7834b"
"345A19","Tourism management",NULL,NULL,"Administração em turismo",NULL,NULL,NULL,"1","0","#b7834b"
"345A20","Marketing management",NULL,NULL,"Administração em marketing",NULL,NULL,NULL,"1","0","#b7834b"
"345A21","Information systems management",NULL,NULL,"Administração de sistemas de informações",NULL,NULL,NULL,"1","0","#b7834b"
"345A22","Banking management",NULL,NULL,"Administração bancária",NULL,NULL,NULL,"1","0","#b7834b"
"345A23","Management of micro and small companies",NULL,NULL,"Administração em micro e pequenas empresas",NULL,NULL,NULL,"1","0","#b7834b"
"345A24","Transports management",NULL,NULL,"Administração de transportes",NULL,NULL,NULL,"1","0","#b7834b"
"345A25","Finance management",NULL,NULL,"Administração financeira",NULL,NULL,NULL,"1","0","#b7834b"
"345A26","Events management",NULL,NULL,"Administração de eventos",NULL,NULL,NULL,"1","0","#b7834b"
"345A27","Materials management",NULL,NULL,"Administração de materiais",NULL,NULL,NULL,"1","0","#b7834b"
"345C01","Management competencies",NULL,NULL,"Competências gerenciais",NULL,NULL,NULL,"1","0","#b7834b"
"345C02","Management sciences",NULL,NULL,"Ciências gerenciais",NULL,NULL,NULL,"1","0","#b7834b"
"345E01","Entrepreneurship",NULL,NULL,"Empreendedorismo",NULL,NULL,NULL,"1","0","#b7834b"
"345F01","Executives training and development",NULL,NULL,"Formação de executivos",NULL,NULL,NULL,"1","0","#b7834b"
"345G01","Sciences management",NULL,NULL,"Gestão da ciência",NULL,NULL,NULL,"1","0","#b7834b"
"345G02","Education management",NULL,NULL,"Gestão da educação",NULL,NULL,NULL,"1","0","#b7834b"
"345G03","Information management",NULL,NULL,"Gestão da informação",NULL,NULL,NULL,"1","0","#b7834b"
"345G04","Production management",NULL,NULL,"Gestão da produção",NULL,NULL,NULL,"1","0","#b7834b"
"345G06","Companies management",NULL,NULL,"Gestão de empresas",NULL,NULL,NULL,"1","0","#b7834b"
"345G07","Office administration",NULL,NULL,"Gestão de escritório",NULL,NULL,NULL,"1","0","#b7834b"
"345G08","Teaching institutions management",NULL,NULL,"Gestão de estabelecimentos de ensino",NULL,NULL,NULL,"1","0","#b7834b"
"345G09","Human resources management",NULL,NULL,"Gestão de pessoal / recursos humanos",NULL,NULL,NULL,"1","0","#b7834b"
"345G10","Quality management",NULL,NULL,"Gestão de qualidade",NULL,NULL,NULL,"1","0","#b7834b"
"345G11","Training and development management",NULL,NULL,"Gestão de treinamento e formação",NULL,NULL,NULL,"1","0","#b7834b"
"345G12","Leisure management",NULL,NULL,"Gestão do lazer",NULL,NULL,NULL,"1","0","#b7834b"
"345G13","Logistics management",NULL,NULL,"Gestão logística",NULL,NULL,NULL,"1","0","#b7834b"
"345G14","Cities administration",NULL,NULL,"Gestão de cidades",NULL,NULL,NULL,"1","0","#b7834b"
"345G15","Business management",NULL,NULL,"Gestão de negócios",NULL,NULL,NULL,"1","0","#b7834b"
"345G16","Trade administration",NULL,NULL,"Gestão de comercio",NULL,NULL,NULL,"1","0","#b7834b"
"345G17","Financial management",NULL,NULL,"Gestão financeira",NULL,NULL,NULL,"1","0","#b7834b"
"345G18","Services management",NULL,NULL,"Gestão de serviços",NULL,NULL,NULL,"1","0","#b7834b"
"345G19","Clothing production management",NULL,NULL,"Gestão da produção de vestuário",NULL,NULL,NULL,"1","0","#b7834b"
"345G20","Environmental management",NULL,NULL,"Gestão ambiental",NULL,NULL,NULL,"1","0","#b7834b"
"345G21","International business management",NULL,NULL,"Gestão de negócios internacionais",NULL,NULL,NULL,"1","0","#b7834b"
"345G22","Real estate management",NULL,NULL,"Gestão de imóveis",NULL,NULL,NULL,"1","0","#b7834b"
"345G23","Organizations management",NULL,NULL,"Gestão de organizações",NULL,NULL,NULL,"1","0","#b7834b"
"345G24","Strategic Business Management",NULL,NULL,"Gestão estratégica de empresas",NULL,NULL,NULL,"1","0","#b7834b"
"345G26","Safety management",NULL,NULL,"Gestão da segurança",NULL,NULL,NULL,"1","0","#b7834b"
"345G27","Information resources management",NULL,NULL,"Gestão de recursos de informática",NULL,NULL,NULL,"1","0","#b7834b"
"345G28","Supermarkets management",NULL,NULL,"Gestão de supermercados",NULL,NULL,NULL,"1","0","#b7834b"
"345T01","Organizational theory and behavior",NULL,NULL,"Teoria e comportamento organizacional",NULL,NULL,NULL,"1","0","#b7834b"
"345T02","Business training",NULL,NULL,"Treinamento empresarial",NULL,NULL,NULL,"1","0","#b7834b"
"346A01","Office automation",NULL,NULL,"Automação de escritórios",NULL,NULL,NULL,"1","0","#b7834b"
"346C01","Commercial correspondence",NULL,NULL,"Correspondência comercial",NULL,NULL,NULL,"1","0","#b7834b"
"346S01","Secretary training",NULL,NULL,"Secretariado",NULL,NULL,NULL,"1","0","#b7834b"
"346S02","Secretary training in foreign language",NULL,NULL,"Secretariado em língua estrangeira",NULL,NULL,NULL,"1","0","#b7834b"
"346S03","Executive secretary training",NULL,NULL,"Secretariado executivo",NULL,NULL,NULL,"1","0","#b7834b"
"346S04","Educational secretary training",NULL,NULL,"Secretariado na área educacional",NULL,NULL,NULL,"1","0","#b7834b"
"346S05","Legal secretary training",NULL,NULL,"Secretariado na área jurídica",NULL,NULL,NULL,"1","0","#b7834b"
"346S06","Medical secretary training",NULL,NULL,"Secretariado na área médica",NULL,NULL,NULL,"1","0","#b7834b"
"346S07","Administrative and secretary services",NULL,NULL,"Serviços administrativos e de secretaria",NULL,NULL,NULL,"1","0","#b7834b"
"347N01","Customer needs",NULL,NULL,"Necessidades dos clientes",NULL,NULL,NULL,"1","0","#b7834b"
"347O01","Work organization",NULL,NULL,"Organização no trabalho",NULL,NULL,NULL,"1","0","#b7834b"
"38","Law",NULL,NULL,"Direito",NULL,NULL,NULL,"0","0","#752277"
"380C01","Notary public/Notarial practice",NULL,NULL,"Cartórios / prática notarial",NULL,NULL,NULL,"1","0","#752277"
"380D01","Law",NULL,NULL,"Direito",NULL,NULL,NULL,"1","0","#752277"
"380D02","Administrative law",NULL,NULL,"Direito administrativo",NULL,NULL,NULL,"1","0","#752277"
"380D03","Civil law",NULL,NULL,"Direito civil",NULL,NULL,NULL,"1","0","#752277"
"380D04","Trade law",NULL,NULL,"Direito comercial",NULL,NULL,NULL,"1","0","#752277"
"380D05","Constitutional law",NULL,NULL,"Direito constitucional",NULL,NULL,NULL,"1","0","#752277"
"380D06","Criminal law",NULL,NULL,"Direito criminal",NULL,NULL,NULL,"1","0","#752277"
"380D07","Labor law",NULL,NULL,"Direito do trabalho",NULL,NULL,NULL,"1","0","#752277"
"380D08","Financial and tax law",NULL,NULL,"Direito financeiro e tributário",NULL,NULL,NULL,"1","0","#752277"
"380D10","Penal law",NULL,NULL,"Direito penal",NULL,NULL,NULL,"1","0","#752277"
"380D14","Public law",NULL,NULL,"Direito público",NULL,NULL,NULL,"1","0","#752277"
"380D15","Business law",NULL,NULL,"Direito empresarial",NULL,NULL,NULL,"1","0","#752277"
"380E01","Law studies",NULL,NULL,"Estudos de direito",NULL,NULL,NULL,"1","0","#752277"
"380E03","Paralegal studies",NULL,NULL,"Estudos para-legais",NULL,NULL,NULL,"1","0","#752277"
"380H01","Law history",NULL,NULL,"História do direito",NULL,NULL,NULL,"1","0","#752277"
"380L01","Legislation",NULL,NULL,"Legislação",NULL,NULL,NULL,"1","0","#752277"
"42","Life Sciences",NULL,NULL,"Ciências da Vida",NULL,NULL,NULL,"0","0","#f7b6d2"
"420C01","Sciences",NULL,NULL,"Ciências",NULL,NULL,NULL,"1","0","#f7b6d2"
"421B01","Biophysics",NULL,NULL,"Biofísica",NULL,NULL,NULL,"1","0","#f7b6d2"
"421B02","Biology",NULL,NULL,"Biologia",NULL,NULL,NULL,"1","0","#f7b6d2"
"421B03","Marine biology",NULL,NULL,"Biologia marinha",NULL,NULL,NULL,"1","0","#f7b6d2"
"421B04","Biology - medical modality",NULL,NULL,"Biologia - modalidade médica",NULL,NULL,NULL,"1","0","#f7b6d2"
"421B05","Molecular biology",NULL,NULL,"Biologia molecular",NULL,NULL,NULL,"1","0","#f7b6d2"
"421B06","Plant biology",NULL,NULL,"Biologia vegetal",NULL,NULL,NULL,"1","0","#f7b6d2"
"421B07","Biomedicine",NULL,NULL,"Biomedicina",NULL,NULL,NULL,"1","0","#f7b6d2"
"421B09","Biochemistry",NULL,NULL,"Bioquímica",NULL,NULL,NULL,"1","0","#f7b6d2"
"421B12","Industrial biochemistry",NULL,NULL,"Bioquímica industrial",NULL,NULL,NULL,"1","0","#f7b6d2"
"421B14","Environmental biology",NULL,NULL,"Biologia ambiental",NULL,NULL,NULL,"1","0","#f7b6d2"
"421C01","Biological sciences",NULL,NULL,"Ciências biológicas",NULL,NULL,NULL,"1","0","#f7b6d2"
"421G01","Genetics",NULL,NULL,"Genética",NULL,NULL,NULL,"1","0","#f7b6d2"
"421M01","Microbiology",NULL,NULL,"Microbiologia",NULL,NULL,NULL,"1","0","#f7b6d2"
"421Z01","Animal biology",NULL,NULL,"Zoologia",NULL,NULL,NULL,"1","0","#f7b6d2"
"422C01","Environmental sciences",NULL,NULL,"Ciências ambientais",NULL,NULL,NULL,"1","0","#f7b6d2"
"422E01","Ecology",NULL,NULL,"Ecologia",NULL,NULL,NULL,"1","0","#f7b6d2"
"422P01","Environmental preservation",NULL,NULL,"Preservação do meio ambiente",NULL,NULL,NULL,"1","0","#f7b6d2"
"422S01","Environmental sanitation",NULL,NULL,"Saneamento ambiental",NULL,NULL,NULL,"1","0","#f7b6d2"
"422S02","Basic sanitation",NULL,NULL,"Saneamento básico",NULL,NULL,NULL,"1","0","#f7b6d2"
"422T01","Environmental technology",NULL,NULL,"Tecnologia ambiental",NULL,NULL,NULL,"1","0","#f7b6d2"
"44","Physical Sciences",NULL,NULL,"Ciências Físicas",NULL,NULL,NULL,"0","0","#e377c2"
"440C01","Physical sciences",NULL,NULL,"Ciências físicas",NULL,NULL,NULL,"1","0","#e377c2"
"441A01","Acoustics",NULL,NULL,"Acústica",NULL,NULL,NULL,"1","0","#e377c2"
"441A02","Astrophysics",NULL,NULL,"Astrofísica",NULL,NULL,NULL,"1","0","#e377c2"
"441A03","Astronomy",NULL,NULL,"Astronomia",NULL,NULL,NULL,"1","0","#e377c2"
"441F01","Physics",NULL,NULL,"Física",NULL,NULL,NULL,"1","0","#e377c2"
"441F03","Applied physics",NULL,NULL,"Física aplicada",NULL,NULL,NULL,"1","0","#e377c2"
"441R01","Radiological physics",NULL,NULL,"Física Radiológia",NULL,NULL,NULL,"1","0","#e377c2"
"442P01","Petrology",NULL,NULL,"Petrologia",NULL,NULL,NULL,"1","0","#e377c2"
"442Q01","Chemistry",NULL,NULL,"Química",NULL,NULL,NULL,"1","0","#e377c2"
"442Q03","Polymer chemistry",NULL,NULL,"Química de polímeros",NULL,NULL,NULL,"1","0","#e377c2"
"442Q04","Industrial chemistry",NULL,NULL,"Química industrial",NULL,NULL,NULL,"1","0","#e377c2"
"442Q06","Organic chemistry",NULL,NULL,"Química orgânica",NULL,NULL,NULL,"1","0","#e377c2"
"442Q07","Technological chemistry",NULL,NULL,"Química tecnológica",NULL,NULL,NULL,"1","0","#e377c2"
"442Q08","Food chemistry",NULL,NULL,"Química de alimentos",NULL,NULL,NULL,"1","0","#e377c2"
"442Q09","Biotechnology chemistry",NULL,NULL,"Química de biotecnologia",NULL,NULL,NULL,"1","0","#e377c2"
"443C01","Earth science",NULL,NULL,"Ciência da terra",NULL,NULL,NULL,"1","0","#e377c2"
"443C02","Marine science",NULL,NULL,"Ciência marinha",NULL,NULL,NULL,"1","0","#e377c2"
"443C03","Atmospheric Sciences",NULL,NULL,"Ciências atmosféricas",NULL,NULL,NULL,"1","0",NULL
"443G03","Geophysics",NULL,NULL,"Geofísica",NULL,NULL,NULL,"1","0","#e377c2"
"443G04","Geography",NULL,NULL,"Geografia",NULL,NULL,NULL,"1","0","#e377c2"
"443G05","Geography (nature)",NULL,NULL,"Geografia (natureza)",NULL,NULL,NULL,"1","0","#e377c2"
"443G06","Geology",NULL,NULL,"Geologia",NULL,NULL,NULL,"1","0","#e377c2"
"443H02","Hydrology",NULL,NULL,"Hidrologia",NULL,NULL,NULL,"1","0","#e377c2"
"443M01","Meteorology",NULL,NULL,"Meteorologia",NULL,NULL,NULL,"1","0","#e377c2"
"443O01","Oceanography",NULL,NULL,"Oceanografia",NULL,NULL,NULL,"1","0","#e377c2"
"443O02","Oceanology",NULL,NULL,"Oceanologia",NULL,NULL,NULL,"1","0","#e377c2"
"443T01","Topography",NULL,NULL,"Topografia",NULL,NULL,NULL,"1","0","#e377c2"
"46","Mathematics",NULL,NULL,"Matemática",NULL,NULL,NULL,"0","0","#408e60"
"461A03","Numerical analysis",NULL,NULL,"Análise numérica",NULL,NULL,NULL,"1","0","#408e60"
"461M01","Mathematics",NULL,NULL,"Matemática",NULL,NULL,NULL,"1","0","#408e60"
"461M02","Applied mathematics",NULL,NULL,"Matemática aplicada",NULL,NULL,NULL,"1","0","#408e60"
"461M03","Computational mathematics",NULL,NULL,"Matemática computacional (informática)",NULL,NULL,NULL,"1","0","#408e60"
"461M04","Industrial mathematics",NULL,NULL,"Matemática industrial",NULL,NULL,NULL,"1","0","#408e60"
"462C01","Actuarial science",NULL,NULL,"Ciência atuarial",NULL,NULL,NULL,"1","0","#408e60"
"462E01","Statistics",NULL,NULL,"Estatística",NULL,NULL,NULL,"1","0","#408e60"
"462E02","Applied statistics",NULL,NULL,"Estatística aplicada",NULL,NULL,NULL,"1","0","#408e60"
"462E03","Mathematical statistics (theory)",NULL,NULL,"Estatística matemática (teórica)",NULL,NULL,NULL,"1","0","#408e60"
"48","Computer Sciences",NULL,NULL,"Ciências da Computação",NULL,NULL,NULL,"0","0","#8beae3"
"481A01","Network administration",NULL,NULL,"Administração de redes",NULL,NULL,NULL,"1","0","#8beae3"
"481A02","Computer architecture",NULL,NULL,"Arquitetura de computadores",NULL,NULL,NULL,"1","0","#8beae3"
"481B01","Database",NULL,NULL,"Banco de dados",NULL,NULL,NULL,"1","0","#8beae3"
"481C01","Computer science",NULL,NULL,"Ciência da computação",NULL,NULL,NULL,"1","0","#8beae3"
"481C02","Computer graphics",NULL,NULL,"Computação gráfica",NULL,NULL,NULL,"1","0","#8beae3"
"481E01","Computer engineering (hardware)",NULL,NULL,"Engenharia de computação (hardware)",NULL,NULL,NULL,"1","0","#8beae3"
"481E02","Software engineering",NULL,NULL,"Engenharia de softwares",NULL,NULL,NULL,"1","0","#8beae3"
"481I01","Science of information",NULL,NULL,"Informática (ciência da computação)",NULL,NULL,NULL,"1","0","#8beae3"
"481L01","Programming languages (visual basic, c++, etc.)",NULL,NULL,"Linguagens de programação (visual basic, c++ etc)",NULL,NULL,NULL,"1","0","#8beae3"
"481R01","Robotics",NULL,NULL,"Robótica",NULL,NULL,NULL,"1","0","#8beae3"
"481S01","Operational systems",NULL,NULL,"Sistemas operacionais",NULL,NULL,NULL,"1","0","#8beae3"
"481T01","Information technology",NULL,NULL,"Tecnologia da informação",NULL,NULL,NULL,"1","0","#8beae3"
"481T02","Software development technology",NULL,NULL,"Tecnologia em desenvolvimento de softwares",NULL,NULL,NULL,"1","0","#8beae3"
"481T03","Computer technology",NULL,NULL,"Tecnologia em informática",NULL,NULL,NULL,"1","0","#8beae3"
"482C01","E-commerce",NULL,NULL,"Comércio eletrônico",NULL,NULL,NULL,"1","0","#8beae3"
"482S01","Basic software",NULL,NULL,"Softwares básicos",NULL,NULL,NULL,"1","0","#8beae3"
"482S02","Editing and publishing software",NULL,NULL,"Softwares para editoração e publicação",NULL,NULL,NULL,"1","0","#8beae3"
"482S04","Data processing software",NULL,NULL,"Softwares para processamento de dados",NULL,NULL,NULL,"1","0","#8beae3"
"482U01","Use of the Internet",NULL,NULL,"Uso da internet",NULL,NULL,NULL,"1","0","#8beae3"
"482U02","Software uses",NULL,NULL,"Utilização de softwares",NULL,NULL,NULL,"1","0","#8beae3"
"483A01","Systems analysis",NULL,NULL,"Análise de sistemas",NULL,NULL,NULL,"1","0","#8beae3"
"483A02","Systems analysis and development (technologist)",NULL,NULL,"Análise e Desenvolvimento de Sistemas (Tecnólogo)",NULL,NULL,NULL,"1","0","#8beae3"
"483I01","Educational computing",NULL,NULL,"Informática educacional",NULL,NULL,NULL,"1","0","#8beae3"
"483P01","Data processing",NULL,NULL,"Processamento de dados",NULL,NULL,NULL,"1","0","#8beae3"
"483P02","Computer programming",NULL,NULL,"Programação de computadores",NULL,NULL,NULL,"1","0","#8beae3"
"483S01","Information security",NULL,NULL,"Segurança da informação",NULL,NULL,NULL,"1","0","#8beae3"
"483S02","Information systems",NULL,NULL,"Sistemas de informação",NULL,NULL,NULL,"1","0","#8beae3"
"52","Engineering",NULL,NULL,"Engenharia",NULL,NULL,NULL,"0","0","#17bcef"
"520A01","Industrial automation",NULL,NULL,"Automação industrial",NULL,NULL,NULL,"1","0","#17bcef"
"520D01","Industrial design",NULL,NULL,"Desenho industrial",NULL,NULL,NULL,"1","0","#17bcef"
"520E01","Engineering",NULL,NULL,"Engenharia",NULL,NULL,NULL,"1","0","#17bcef"
"520E02","Environmental engineering",NULL,NULL,"Engenharia ambiental",NULL,NULL,NULL,"1","0","#17bcef"
"520E04","Materials engineering",NULL,NULL,"Engenharia de materiais",NULL,NULL,NULL,"1","0","#17bcef"
"520E05","Production engineering",NULL,NULL,"Engenharia de produção",NULL,NULL,NULL,"1","0","#17bcef"
"520E06","Industrial engineering",NULL,NULL,"Engenharia industrial",NULL,NULL,NULL,"1","0","#17bcef"
"520E07","Physics engineering",NULL,NULL,"Engenharia física",NULL,NULL,NULL,"1","0","#17bcef"
"520E08","Biomedical engineering",NULL,NULL,"Engenharia Biomédica",NULL,NULL,NULL,"1","0","#17bcef"
"520E09","Environmental and sanitation engineering",NULL,NULL,"Engenharia ambiental e sanitária",NULL,NULL,NULL,"1","0","#17bcef"
"520G01","Geoprocessing",NULL,NULL,"Geoprocessamento",NULL,NULL,NULL,"1","0","#17bcef"
"520M01","Industrial maintenance",NULL,NULL,"Manutenção industrial",NULL,NULL,NULL,"1","0","#17bcef"
"520P01","Industrial processes",NULL,NULL,"Processos industriais",NULL,NULL,NULL,"1","0","#17bcef"
"520P02","Industrial production",NULL,NULL,"Produção industrial",NULL,NULL,NULL,"1","0","#17bcef"
"520Q01","Total quality",NULL,NULL,"Qualidade total",NULL,NULL,NULL,"1","0","#17bcef"
"520S01","Remote sensing",NULL,NULL,"Sensoriamento remoto",NULL,NULL,NULL,"1","0","#17bcef"
"520T01","Materials technology",NULL,NULL,"Tecnologia de materiais",NULL,NULL,NULL,"1","0","#17bcef"
"520T02","Technology in telecommunications management",NULL,NULL,"Tecnologia em gestão de telecomunicações",NULL,NULL,NULL,"1","0","#17bcef"
"521E01","Production Engineering",NULL,NULL,"Engenharia de produção mecânica",NULL,NULL,NULL,"1","0","#17bcef"
"521E02","Metallurgical production engineering",NULL,NULL,"Engenharia de produção metalúrgica",NULL,NULL,NULL,"1","0","#17bcef"
"521E03","Mechanical industrial engineering",NULL,NULL,"Engenharia industrial mecânica",NULL,NULL,NULL,"1","0","#17bcef"
"521E05","Mechanical engineering",NULL,NULL,"Engenharia mecânica",NULL,NULL,NULL,"1","0","#17bcef"
"521E06","Metallurgical engineering",NULL,NULL,"Engenharia metalúrgica",NULL,NULL,NULL,"1","0","#17bcef"
"521F03","Manufacture of tools and templates",NULL,NULL,"Fabricação de ferramentas e matrizes",NULL,NULL,NULL,"1","0","#17bcef"
"521F04","Metals casting and molds fabrication",NULL,NULL,"Fundição de metais e fabricação de formas",NULL,NULL,NULL,"1","0","#17bcef"
"521M01","Mechanical maintenance",NULL,NULL,"Manutenção mecânica",NULL,NULL,NULL,"1","0","#17bcef"
"521M02","Mechanics",NULL,NULL,"Mecânica",NULL,NULL,NULL,"1","0","#17bcef"
"521M03","Fine (precision) mechanics",NULL,NULL,"Mecânica de precisão",NULL,NULL,NULL,"1","0","#17bcef"
"521S02","Welding",NULL,NULL,"Soldagem",NULL,NULL,NULL,"1","0","#17bcef"
"521T01","Electromechanic technology",NULL,NULL,"Tecnologia em eletromecânica",NULL,NULL,NULL,"1","0","#17bcef"
"521T02","Metallurgical technology",NULL,NULL,"Tecnologia metalúrgica",NULL,NULL,NULL,"1","0","#17bcef"
"521T03","Mechanical technology",NULL,NULL,"Tecnologia mecânica",NULL,NULL,NULL,"1","0","#17bcef"
"522D02","Electric power distribution",NULL,NULL,"Distribuição de energia elétrica",NULL,NULL,NULL,"1","0","#17bcef"
"522E01","Electricity",NULL,NULL,"Eletricidade",NULL,NULL,NULL,"1","0","#17bcef"
"522E05","Electrical production engineering",NULL,NULL,"Engenharia de produção elétrica",NULL,NULL,NULL,"1","0","#17bcef"
"522E06","Electrical engineering",NULL,NULL,"Engenharia elétrica",NULL,NULL,NULL,"1","0","#17bcef"
"522E07","Electrical industrial engineering",NULL,NULL,"Engenharia industrial elétrica",NULL,NULL,NULL,"1","0","#17bcef"
"522E08","Energy studies",NULL,NULL,"Estudos de energia",NULL,NULL,NULL,"1","0","#17bcef"
"522E09","Electrotechnical engineering",NULL,NULL,"Engenharia eletrotécnica",NULL,NULL,NULL,"1","0","#17bcef"
"522I02","Electrical installations",NULL,NULL,"Instalações elétricas",NULL,NULL,NULL,"1","0","#17bcef"
"522P01","Energy production",NULL,NULL,"Produção de energia",NULL,NULL,NULL,"1","0","#17bcef"
"522R01","Refrigeration / heating",NULL,NULL,"Refrigeração / aquecimento",NULL,NULL,NULL,"1","0","#17bcef"
"522T01","Electrical technology",NULL,NULL,"Tecnologia elétrica",NULL,NULL,NULL,"1","0","#17bcef"
"522T02","Electrotechnical technology",NULL,NULL,"Tecnologia em eletrotécnica",NULL,NULL,NULL,"1","0","#17bcef"
"522T03","Electrical maintenance technology",NULL,NULL,"Tecnologia em manutenção elétrica",NULL,NULL,NULL,"1","0","#17bcef"
"522T05","Electric power transmission and distribution",NULL,NULL,"Transmissão e distribuição de energia elétrica",NULL,NULL,NULL,"1","0","#17bcef"
"523A01","Automation",NULL,NULL,"Automação",NULL,NULL,NULL,"1","0","#17bcef"
"523B01","Biomedical Engineering",NULL,NULL,"Engenharia Biomédica",NULL,NULL,NULL,"1","0","#17bcef"
"523C01","Control and automation",NULL,NULL,"Controle e automação",NULL,NULL,NULL,"1","0","#17bcef"
"523E01","Electronics",NULL,NULL,"Eletrônica",NULL,NULL,NULL,"1","0","#17bcef"
"523E03","Industrial electronics",NULL,NULL,"Eletrônica industrial",NULL,NULL,NULL,"1","0","#17bcef"
"523E04","Computer engineering",NULL,NULL,"Engenharia de computação",NULL,NULL,NULL,"1","0","#17bcef"
"523E05","Communications engineering",NULL,NULL,"Engenharia de comunicações",NULL,NULL,NULL,"1","0","#17bcef"
"523E06","Control engineering",NULL,NULL,"Engenharia de controle",NULL,NULL,NULL,"1","0","#17bcef"
"523E08","Communication networks engineering",NULL,NULL,"Engenharia de redes de comunicação",NULL,NULL,NULL,"1","0","#17bcef"
"523E09","Electronic engineering",NULL,NULL,"Engenharia eletrônica",NULL,NULL,NULL,"1","0","#17bcef"
"523E10","Mechatronics engineering",NULL,NULL,"Engenharia mecatrônica",NULL,NULL,NULL,"1","0","#17bcef"
"523E11","Control and automation engineering",NULL,NULL,"Engenharia de controle e automação",NULL,NULL,NULL,"1","0","#17bcef"
"523E12","Telecommunications engineering",NULL,NULL,"Engenharia de telecomunicações",NULL,NULL,NULL,"1","0","#17bcef"
"523M01","Medical equipment maintenance",NULL,NULL,"Manutenção de aparelhos médico-hospitalares",NULL,NULL,NULL,"1","0","#17bcef"
"523M03","Electronic equipment maintenance",NULL,NULL,"Manutenção de equipamentos eletrônicos",NULL,NULL,NULL,"1","0","#17bcef"
"523M04","Machine and equipment maintenance",NULL,NULL,"Manutenção de máquinas e equipamentos",NULL,NULL,NULL,"1","0","#17bcef"
"523R01","Computer networks",NULL,NULL,"Redes de computadores",NULL,NULL,NULL,"1","0","#17bcef"
"523S01","Communication systems",NULL,NULL,"Sistemas de comunicação",NULL,NULL,NULL,"1","0","#17bcef"
"523S03","Electronic systems (experimental)",NULL,NULL,"Sistemas Eletrônicos (Experimental)",NULL,NULL,NULL,"1","0","#17bcef"
"523T01","Telecommunications",NULL,NULL,"Telecomunicações",NULL,NULL,NULL,"1","0","#17bcef"
"523T02","Data transmission technology",NULL,NULL,"Tecnologia de transmissão de dados",NULL,NULL,NULL,"1","0","#17bcef"
"523T03","Digital technology",NULL,NULL,"Tecnologia digital",NULL,NULL,NULL,"1","0","#17bcef"
"523T04","Mechatronics technology",NULL,NULL,"Tecnologia mecatrônica",NULL,NULL,NULL,"1","0","#17bcef"
"523T05","Telematics",NULL,NULL,"Telemática",NULL,NULL,NULL,"1","0","#17bcef"
"523T06","Electronic technology",NULL,NULL,"Tecnologia eletrônica",NULL,NULL,NULL,"1","0","#17bcef"
"524E01","Biochemical engineering",NULL,NULL,"Engenharia bioquímica",NULL,NULL,NULL,"1","0","#17bcef"
"524E02","Biotechnology engineering",NULL,NULL,"Engenharia de biotecnologia",NULL,NULL,NULL,"1","0","#17bcef"
"524E03","Chemical processes engineering",NULL,NULL,"Engenharia de processos químicos",NULL,NULL,NULL,"1","0","#17bcef"
"524E04","Chemical production engineering",NULL,NULL,"Engenharia de produção química",NULL,NULL,NULL,"1","0","#17bcef"
"524E05","Chemical industry engineering",NULL,NULL,"Engenharia industrial química",NULL,NULL,NULL,"1","0","#17bcef"
"524E06","Nuclear engineering",NULL,NULL,"Engenharia nuclear",NULL,NULL,NULL,"1","0","#17bcef"
"524E07","Chemical engineering",NULL,NULL,"Engenharia química",NULL,NULL,NULL,"1","0","#17bcef"
"524P01","Processing of crude oil / gas /petrochemicals",NULL,NULL,"Processamento de petróleo / gás / petroquímicos",NULL,NULL,NULL,"1","0","#17bcef"
"524R01","Crude oil refining",NULL,NULL,"Refinamento de petróleo",NULL,NULL,NULL,"1","0","#17bcef"
"524T02","Processes technology",NULL,NULL,"Tecnologia de processos",NULL,NULL,NULL,"1","0","#17bcef"
"524T03","Chemical technology",NULL,NULL,"Tecnologia química",NULL,NULL,NULL,"1","0","#17bcef"
"524T04","Biochemical technologies",NULL,NULL,"Tecnologias bioquímicas",NULL,NULL,NULL,"1","0","#17bcef"
"524T05","Technology in industrial processes",NULL,NULL,"Tecnologia em processos industriais",NULL,NULL,NULL,"1","0","#17bcef"
"525A01","Agriculture mechanization (experimental)",NULL,NULL,"Mecanização Agrícola (Experimental)",NULL,NULL,NULL,"1","0","#17bcef"
"525C04","Shipbuilding",NULL,NULL,"Construção naval",NULL,NULL,NULL,"1","0","#17bcef"
"525E03","Aerospace engineering",NULL,NULL,"Engenharia aeroespacial",NULL,NULL,NULL,"1","0","#17bcef"
"525E04","Aeronautical engineering",NULL,NULL,"Engenharia aeronáutica",NULL,NULL,NULL,"1","0","#17bcef"
"525E05","Automotive engineering",NULL,NULL,"Engenharia automotiva",NULL,NULL,NULL,"1","0","#17bcef"
"525E06","Vehicle and engine engineering",NULL,NULL,"Engenharia de veículos e motores",NULL,NULL,NULL,"1","0","#17bcef"
"525E08","Naval engineering",NULL,NULL,"Engenharia naval",NULL,NULL,NULL,"1","0","#17bcef"
"525I02","Motor vehicle industry",NULL,NULL,"Indústria de veículos a motor",NULL,NULL,NULL,"1","0","#17bcef"
"525I03","Aviation infrastructure",NULL,NULL,"Infra-estrutura aeronáutica",NULL,NULL,NULL,"1","0","#17bcef"
"525M01","Aircraft maintenance",NULL,NULL,"Manutenção aeronáutica",NULL,NULL,NULL,"1","0","#17bcef"
"525M04","Vehicle mechanics",NULL,NULL,"Mecânica de veículos",NULL,NULL,NULL,"1","0","#17bcef"
"525S01","Automotive system (experimental)",NULL,NULL,"Sistema Automotivos (Experimental)",NULL,NULL,NULL,"1","0","#17bcef"
"525T01","Aerospace technology",NULL,NULL,"Tecnologia aeroespacial",NULL,NULL,NULL,"1","0","#17bcef"
"54","Material Sciences",NULL,NULL,"Ciências dos Materiais",NULL,NULL,NULL,"0","0","#581f05"
"540F01","Manufacturing and processing",NULL,NULL,"Fabricação e processamento",NULL,NULL,NULL,"1","0","#581f05"
"540F02","The jewelry production",NULL,NULL,"Produção Joalheira",NULL,NULL,NULL,"1","0","#581f05"
"540F03","Graphic Production",NULL,NULL,"Produção Gráfica",NULL,NULL,NULL,"1","0","#581f05"
"541C01","Dairy science",NULL,NULL,"Ciência de laticínios",NULL,NULL,NULL,"1","0","#581f05"
"541C02","Wine studies (enology)",NULL,NULL,"Ciência de vinhos (enologia)",NULL,NULL,NULL,"1","0","#581f05"
"541C03","Food studies",NULL,NULL,"Ciência dos alimentos",NULL,NULL,NULL,"1","0","#581f05"
"541E01","Food engineering",NULL,NULL,"Engenharia de alimentos",NULL,NULL,NULL,"1","0","#581f05"
"541H01","Food sanitation / handling",NULL,NULL,"Higiene / manuseio de alimentos",NULL,NULL,NULL,"1","0","#581f05"
"541I01","Food processing industries",NULL,NULL,"Indústrias de processamento de alimentos",NULL,NULL,NULL,"1","0","#581f05"
"541I02","Dairy industries",NULL,NULL,"Indústrias de laticínios (industriais)",NULL,NULL,NULL,"1","0","#581f05"
"541P01","Food preparation",NULL,NULL,"Preparação de alimentos",NULL,NULL,NULL,"1","0","#581f05"
"541P04","Food and beverages processing",NULL,NULL,"Processamento de alimentos e bebidas",NULL,NULL,NULL,"1","0","#581f05"
"541P05","Meat processing",NULL,NULL,"Processamento de carnes",NULL,NULL,NULL,"1","0","#581f05"
"541P09","Wine technology",NULL,NULL,"Produção de vinhos",NULL,NULL,NULL,"1","0","#581f05"
"541T01","Food technology",NULL,NULL,"Tecnologia de alimentos",NULL,NULL,NULL,"1","0","#581f05"
"541T02","Sugar and alcohol technology",NULL,NULL,"Tecnologia em açúcar e álcool",NULL,NULL,NULL,"1","0","#581f05"
"541T03","Technology for production of cachaça (sugarcane distilled beverage)",NULL,NULL,"Tecnologia em produção de cachaça",NULL,NULL,NULL,"1","0","#581f05"
"542C02","Manufacture of clothes",NULL,NULL,"Confecção de roupas",NULL,NULL,NULL,"1","0","#581f05"
"542E01","Textile production engineering",NULL,NULL,"Engenharia de produção têxtil",NULL,NULL,NULL,"1","0","#581f05"
"542E02","Textile industrial engineering",NULL,NULL,"Engenharia industrial têxtil",NULL,NULL,NULL,"1","0","#581f05"
"542E03","Textile engineering",NULL,NULL,"Engenharia têxtil",NULL,NULL,NULL,"1","0","#581f05"
"542F02","Manufacture of footwear",NULL,NULL,"Fabricação de calçados",NULL,NULL,NULL,"1","0","#581f05"
"542I01","Clothing industry",NULL,NULL,"Indústria do vestuário",NULL,NULL,NULL,"1","0","#581f05"
"542I02","Textile industry",NULL,NULL,"Indústria têxtil",NULL,NULL,NULL,"1","0","#581f05"
"542P03","Production of leather goods",NULL,NULL,"Produção de artigos de couro",NULL,NULL,NULL,"1","0","#581f05"
"542T03","Textiles, clothing and footwear",NULL,NULL,"Têxteis, vestuário e calçados",NULL,NULL,NULL,"1","0","#581f05"
"543C01","Ceramic industry",NULL,NULL,"Cerâmica (industrial)",NULL,NULL,NULL,"1","0","#581f05"
"543E01","Materials engineering - wood",NULL,NULL,"Engenharia de materiais - madeira",NULL,NULL,NULL,"1","0","#581f05"
"543E03","Materials engineering - plastic",NULL,NULL,"Engenharia de materiais - plástico",NULL,NULL,NULL,"1","0","#581f05"
"543E05","Materials production engineering",NULL,NULL,"Engenharia de produção de materiais",NULL,NULL,NULL,"1","0","#581f05"
"543F03","Manufacture of furniture",NULL,NULL,"Fabricação de móveis",NULL,NULL,NULL,"1","0","#581f05"
"543F04","Manufacture of plastics",NULL,NULL,"Fabricação de plásticos",NULL,NULL,NULL,"1","0","#581f05"
"543F05","Manufacture and processing of paper",NULL,NULL,"Fabricação e processamento de papel",NULL,NULL,NULL,"1","0","#581f05"
"543P04","Graphic production",NULL,NULL,"Produção gráfica",NULL,NULL,NULL,"1","0","#581f05"
"543P05","Jewelry production",NULL,NULL,"Produção de jóias",NULL,NULL,NULL,"1","0","#581f05"
"543P06","Polymers",NULL,NULL,"Polímeros",NULL,NULL,NULL,"1","0","#581f05"
"543T01","Wood technology",NULL,NULL,"Tecnologia de madeira",NULL,NULL,NULL,"1","0","#581f05"
"543T02","Materials technology (paper, plastic, glass)",NULL,NULL,"Tecnologia de materiais (papel,plástico,vidro)",NULL,NULL,NULL,"1","0","#581f05"
"544E01","Mining engineering",NULL,NULL,"Engenharia de minas",NULL,NULL,NULL,"1","0","#581f05"
"544E02","Mine production engineering",NULL,NULL,"Engenharia de produção de minas",NULL,NULL,NULL,"1","0","#581f05"
"544E05","Petroleum and gas extraction",NULL,NULL,"Extração de petróleo e gás",NULL,NULL,NULL,"1","0","#581f05"
"544E06","Geological engineering",NULL,NULL,"Engenharia geológica",NULL,NULL,NULL,"1","0","#581f05"
"544E07","Petroleum engineering",NULL,NULL,"Engenharia de petróleo",NULL,NULL,NULL,"1","0","#581f05"
"544M02","Mining and quarrying",NULL,NULL,"Mineração e extração",NULL,NULL,NULL,"1","0","#581f05"
"544R01","Ornamental stones",NULL,NULL,"Rochas Ornamentais",NULL,NULL,NULL,"1","0","#581f05"
"544T01","Mining technology",NULL,NULL,"Tecnologia de mineração",NULL,NULL,NULL,"1","0","#581f05"
"544T03","Technology of ornamental stones",NULL,NULL,"Tecnologia em rochas ornamentais",NULL,NULL,NULL,"1","0","#581f05"
"58","Architecture",NULL,NULL,"Arquitetura",NULL,NULL,NULL,"0","0","#e87600"
"581A01","Architecture",NULL,NULL,"Arquitetura",NULL,NULL,NULL,"1","0","#e87600"
"581A03","Interior architecture",NULL,NULL,"Arquitetura de interiores",NULL,NULL,NULL,"1","0","#e87600"
"581A05","Architecture and urbanism",NULL,NULL,"Arquitetura e urbanismo",NULL,NULL,NULL,"1","0","#e87600"
"581D01","Architecture design",NULL,NULL,"Desenho arquitetônico",NULL,NULL,NULL,"1","0","#e87600"
"581D02","Community development",NULL,NULL,"Desenvolvimento comunitário",NULL,NULL,NULL,"1","0","#e87600"
"581D04","Urban architectonic design and planning",NULL,NULL,"Design e planejamento arquitetônico urbano",NULL,NULL,NULL,"1","0","#e87600"
"581P01","Landscape gardening",NULL,NULL,"Paisagismo",NULL,NULL,NULL,"1","0","#e87600"
"581P03","Town and country planning",NULL,NULL,"Planejamento de cidade e campo",NULL,NULL,NULL,"1","0","#e87600"
"581P04","Urban planning",NULL,NULL,"Planejamento de cidades",NULL,NULL,NULL,"1","0","#e87600"
"581U01","Urbanism",NULL,NULL,"Urbanismo",NULL,NULL,NULL,"1","0","#e87600"
"582A02","Land survey",NULL,NULL,"Agrimensura",NULL,NULL,NULL,"1","0","#e87600"
"582A03","Land survey and mapping",NULL,NULL,"Agrimensura e cartografia",NULL,NULL,NULL,"1","0","#e87600"
"582C03","Concrete works",NULL,NULL,"Concretagem",NULL,NULL,NULL,"1","0","#e87600"
"582C04","Civil construction",NULL,NULL,"Construção civil",NULL,NULL,NULL,"1","0","#e87600"
"582C05","Construction of buildings",NULL,NULL,"Construção de edificações",NULL,NULL,NULL,"1","0","#e87600"
"582C06","Construction of roads",NULL,NULL,"Construção de estradas",NULL,NULL,NULL,"1","0","#e87600"
"582E02","Cartographic engineering",NULL,NULL,"Engenharia cartográfica",NULL,NULL,NULL,"1","0","#e87600"
"582E03","Civil engineering",NULL,NULL,"Engenharia civil",NULL,NULL,NULL,"1","0","#e87600"
"582E04","Construction engineering",NULL,NULL,"Engenharia de construção",NULL,NULL,NULL,"1","0","#e87600"
"582E08","Water resources engineering",NULL,NULL,"Engenharia de recursos hídricos",NULL,NULL,NULL,"1","0","#e87600"
"582E09","Production / civil engineering",NULL,NULL,"Engenharia de produção civil",NULL,NULL,NULL,"1","0","#e87600"
"582E10","Structural engineering",NULL,NULL,"Engenharia estrutural",NULL,NULL,NULL,"1","0","#e87600"
"582E12","Sanitary engineering",NULL,NULL,"Engenharia sanitária",NULL,NULL,NULL,"1","0","#e87600"
"582E13","Metal structures (for construction)",NULL,NULL,"Estruturas metálicas (para construção)",NULL,NULL,NULL,"1","0","#e87600"
"582I03","Irrigation and drainage (construction)",NULL,NULL,"Irrigação e drenagem (construção)",NULL,NULL,NULL,"1","0","#e87600"
"582M02","Building materials (fabrication and use)",NULL,NULL,"Materiais de construção (produção e utilização)",NULL,NULL,NULL,"1","0","#e87600"
"582O01","Operation of construction site",NULL,NULL,"Operação de canteiros de obras",NULL,NULL,NULL,"1","0","#e87600"
"582R01","Renovation of buildings",NULL,NULL,"Renovação de edificações",NULL,NULL,NULL,"1","0","#e87600"
"582S01","Sanitation (building)",NULL,NULL,"Saneamento (edificação)",NULL,NULL,NULL,"1","0","#e87600"
"582T01","Construction technology",NULL,NULL,"Tecnologia de construção",NULL,NULL,NULL,"1","0","#e87600"
"582T02","Building technology",NULL,NULL,"Tecnologia de edificação",NULL,NULL,NULL,"1","0","#e87600"
"582T04","Road technology",NULL,NULL,"Tecnologia em estradas",NULL,NULL,NULL,"1","0","#e87600"
"582T05","Earth moving and paving technology",NULL,NULL,"Tecnologia em movimento de terra e pavimentação",NULL,NULL,NULL,"1","0","#e87600"
"582T06","Soil works technology",NULL,NULL,"Tecnologia em obras do solo",NULL,NULL,NULL,"1","0","#e87600"
"62","Agriculture",NULL,NULL,"Agricultura",NULL,NULL,NULL,"0","0","#105b10"
"620A01","Agriculture, forest engineering and fishing",NULL,NULL,"Agricultura, engenharia florestal e pesca",NULL,NULL,NULL,"1","0","#105b10"
"621A01","Agriculture",NULL,NULL,"Agricultura",NULL,NULL,NULL,"1","0","#105b10"
"621A02","Agricultural exploration",NULL,NULL,"Agroexploração",NULL,NULL,NULL,"1","0","#105b10"
"621A03","Agribusiness",NULL,NULL,"Agroindústria",NULL,NULL,NULL,"1","0","#105b10"
"621A04","Agronomy",NULL,NULL,"Agronomia",NULL,NULL,NULL,"1","0","#105b10"
"621A05","Agriculture and livestock",NULL,NULL,"Agropecuária",NULL,NULL,NULL,"1","0","#105b10"
"621A06","Agricultural ecology",NULL,NULL,"Agroecologia",NULL,NULL,NULL,"1","0","#105b10"
"621C02","Agrarian sciences",NULL,NULL,"Ciências agrárias",NULL,NULL,NULL,"1","0","#105b10"
"621C05","Animals raising/breeding",NULL,NULL,"Criação de animais",NULL,NULL,NULL,"1","0","#105b10"
"621E02","Agricultural companies / agribusiness operations",NULL,NULL,"Empresas agrícolas / operação de agroindústrias",NULL,NULL,NULL,"1","0","#105b10"
"621E03","Agricultural engineering",NULL,NULL,"Engenharia agrícola",NULL,NULL,NULL,"1","0","#105b10"
"621F01","Fruit growing",NULL,NULL,"Fruticultura",NULL,NULL,NULL,"1","0","#105b10"
"621M02","Agricultural production management",NULL,NULL,"Manejo da produção agrícola",NULL,NULL,NULL,"1","0","#105b10"
"621M03","Animal raising management",NULL,NULL,"Manejo da produção animal",NULL,NULL,NULL,"1","0","#105b10"
"621M04","Equine management",NULL,NULL,"Manejo de eqüinos",NULL,NULL,NULL,"1","0","#105b10"
"621T01","Irrigation and drainage techniques",NULL,NULL,"Técnicas de irrigação e drenagem",NULL,NULL,NULL,"1","0","#105b10"
"621T02","Agronomic technology",NULL,NULL,"Tecnologia agronômica",NULL,NULL,NULL,"1","0","#105b10"
"621T03","Agribusiness technology",NULL,NULL,"Tecnologia em agronegócio",NULL,NULL,NULL,"1","0","#105b10"
"621T04","Coffee growing technology",NULL,NULL,"Tecnologia em cafeicultura",NULL,NULL,NULL,"1","0","#105b10"
"621T05","Grains production technology",NULL,NULL,"Tecnologia em produção de grãos",NULL,NULL,NULL,"1","0","#105b10"
"621V01","Viticulture (grapes growing)",NULL,NULL,"Viticultura",NULL,NULL,NULL,"1","0","#105b10"
"621Z01","Zootechnics",NULL,NULL,"Zootecnia",NULL,NULL,NULL,"1","0","#105b10"
"622H01","Horticulture",NULL,NULL,"Horticultura",NULL,NULL,NULL,"1","0","#105b10"
"623E01","Forest engineering",NULL,NULL,"Engenharia florestal",NULL,NULL,NULL,"1","0","#105b10"
"623S01","Silviculture",NULL,NULL,"Silvicultura",NULL,NULL,NULL,"1","0","#105b10"
"624A01","Aquaculture",NULL,NULL,"Aqüicultura",NULL,NULL,NULL,"1","0","#105b10"
"624C01","Fishing science and technology",NULL,NULL,"Ciência e tecnologia da pesca",NULL,NULL,NULL,"1","0","#105b10"
"624C03","Crustaceans and mollusks farming",NULL,NULL,"Cultura de crustáceos e mariscos",NULL,NULL,NULL,"1","0","#105b10"
"624E01","Fishing engineering",NULL,NULL,"Engenharia de pesca",NULL,NULL,NULL,"1","0","#105b10"
"624M01","Management of fishery resources",NULL,NULL,"Manejo de recursos pesqueiros",NULL,NULL,NULL,"1","0","#105b10"
"624T01","Fish production technology",NULL,NULL,"Tecnologia da produção pesqueira",NULL,NULL,NULL,"1","0","#105b10"
"64","Animal Sciences",NULL,NULL,"Ciências Animal",NULL,NULL,NULL,"0","0","#98df8a"
"641C01","Veterinary science",NULL,NULL,"Ciências veterinárias",NULL,NULL,NULL,"1","0","#98df8a"
"641C02","Animal health care",NULL,NULL,"Cuidados com a saúde animal",NULL,NULL,NULL,"1","0","#98df8a"
"641M01","Veterinary medicine",NULL,NULL,"Medicina veterinária",NULL,NULL,NULL,"1","0","#98df8a"
"641R01","Animal breeding (science)",NULL,NULL,"Reprodução animal (ciência)",NULL,NULL,NULL,"1","0","#98df8a"
"72","Health Sciences",NULL,NULL,"Ciências da Saúde",NULL,NULL,NULL,"0","0","#800000"
"720E01","Physical education",NULL,NULL,"Educação física",NULL,NULL,NULL,"1","0","#800000"
"720N01","Naturology",NULL,NULL,"Naturologia",NULL,NULL,NULL,"1","0","#800000"
"720S01","Health (programs and general courses)",NULL,NULL,"Saúde (programas ou cursos gerais)",NULL,NULL,NULL,"1","0","#800000"
"720S02","Public health",NULL,NULL,"Saúde pública",NULL,NULL,NULL,"1","0","#800000"
"721A01","Anatomy",NULL,NULL,"Anatomia",NULL,NULL,NULL,"1","0","#800000"
"721C02","Medical science",NULL,NULL,"Ciência médica",NULL,NULL,NULL,"1","0","#800000"
"721C03","Surgery",NULL,NULL,"Cirurgia",NULL,NULL,NULL,"1","0","#800000"
"721C05","Cytology",NULL,NULL,"Citologia",NULL,NULL,NULL,"1","0","#800000"
"721G01","Gerontology",NULL,NULL,"Gerontologia",NULL,NULL,NULL,"1","0","#800000"
"721H02","Histology",NULL,NULL,"Histologia",NULL,NULL,NULL,"1","0","#800000"
"721M01","Medicine",NULL,NULL,"Medicina",NULL,NULL,NULL,"1","0","#800000"
"721M02","General medicine",NULL,NULL,"Medicina geral",NULL,NULL,NULL,"1","0","#800000"
"721P01","Pathology",NULL,NULL,"Patologia",NULL,NULL,NULL,"1","0","#800000"
"723A02","Primary care of elderly people",NULL,NULL,"Atenção primária a idosos",NULL,NULL,NULL,"1","0","#800000"
"723E01","Nursing",NULL,NULL,"Enfermagem",NULL,NULL,NULL,"1","0","#800000"
"723E02","Basic nursing",NULL,NULL,"Enfermagem básica",NULL,NULL,NULL,"1","0","#800000"
"723E03","Public health nursing",NULL,NULL,"Enfermagem de saúde pública",NULL,NULL,NULL,"1","0","#800000"
"723E04","Nursing and obstetrics",NULL,NULL,"Enfermagem e obstetrícia",NULL,NULL,NULL,"1","0","#800000"
"724C01","Dental science",NULL,NULL,"Ciência dentária",NULL,NULL,NULL,"1","0","#800000"
"724H01","Dental hygiene",NULL,NULL,"Higiene dental",NULL,NULL,NULL,"1","0","#800000"
"724O01","Odontology",NULL,NULL,"Odontologia",NULL,NULL,NULL,"1","0","#800000"
"724T02","Prosthesis technology",NULL,NULL,"Tecnologia em prótese",NULL,NULL,NULL,"1","0","#800000"
"724T03","Dental technology",NULL,NULL,"Tecnologia odontológica",NULL,NULL,NULL,"1","0","#800000"
"725F01","Manufacture of optical lenses",NULL,NULL,"Fabricação de lentes óticas",NULL,NULL,NULL,"1","0","#800000"
"725I01","Surgical instrumentation",NULL,NULL,"Instrumentação cirúrgica",NULL,NULL,NULL,"1","0","#800000"
"725P02","Prostheses / optical lenses",NULL,NULL,"Próteses / lentes óticas",NULL,NULL,NULL,"1","0","#800000"
"725P03","Orthopedic prosthesis",NULL,NULL,"Próteses ortopédicas",NULL,NULL,NULL,"1","0","#800000"
"725R01","Radiology",NULL,NULL,"Radiologia",NULL,NULL,NULL,"1","0","#800000"
"725T05","Prosthesis technology",NULL,NULL,"Tecnologia de próteses",NULL,NULL,NULL,"1","0","#800000"
"725T06","Radiology technology",NULL,NULL,"Tecnologia de radiologia",NULL,NULL,NULL,"1","0","#800000"
"725T07","X-ray technology (medical)",NULL,NULL,"Tecnologia de raio-x (médica)",NULL,NULL,NULL,"1","0","#800000"
"725T08","Technology in orthoptics",NULL,NULL,"Tecnologia em ortóptica",NULL,NULL,NULL,"1","0","#800000"
"725T09","Technology in optics",NULL,NULL,"Tecnologia em ótica",NULL,NULL,NULL,"1","0","#800000"
"725T10","Medical technology",NULL,NULL,"Tecnologia médica",NULL,NULL,NULL,"1","0","#800000"
"725T12","Ophthalmic technology",NULL,NULL,"Tecnologia oftálmica",NULL,NULL,NULL,"1","0","#800000"
"725T13","Emergency paramedical technologies",NULL,NULL,"Tecnologias paramédicas de emergência",NULL,NULL,NULL,"1","0","#800000"
"725T14","Clinical analysis technology",NULL,NULL,"Tecnologia de laboratório de análises",NULL,NULL,NULL,"1","0","#800000"
"726F01","Physiotherapy",NULL,NULL,"Fisioterapia",NULL,NULL,NULL,"1","0","#800000"
"726F03","Speech therapy",NULL,NULL,"Fonoaudiologia",NULL,NULL,NULL,"1","0","#800000"
"726M01","Massage (medical)",NULL,NULL,"Massagem (médica)",NULL,NULL,NULL,"1","0","#800000"
"726M02","Music therapy",NULL,NULL,"Musicoterapia",NULL,NULL,NULL,"1","0","#800000"
"726N01","Nutrition and dietetics",NULL,NULL,"Nutrição e dietética",NULL,NULL,NULL,"1","0","#800000"
"726N02","Nutrition",NULL,NULL,"Nutrição",NULL,NULL,NULL,"1","0","#800000"
"726O01","Optometry",NULL,NULL,"Optometria",NULL,NULL,NULL,"1","0","#800000"
"726P02","Psychomotricity",NULL,NULL,"Psicomotricidade",NULL,NULL,NULL,"1","0","#800000"
"726Q01","Chiropractic",NULL,NULL,"Quiroprática",NULL,NULL,NULL,"1","0","#800000"
"726R01","Rehabilitation",NULL,NULL,"Reabilitação",NULL,NULL,NULL,"1","0","#800000"
"726S01","Mental health care",NULL,NULL,"Serviços de saúde mental",NULL,NULL,NULL,"1","0","#800000"
"726T01","Occupational therapy",NULL,NULL,"Terapia ocupacional",NULL,NULL,NULL,"1","0","#800000"
"727A01","Clinical analyses",NULL,NULL,"Análises clínicas",NULL,NULL,NULL,"1","0","#800000"
"727A02","Clinical and toxicological analysis",NULL,NULL,"Análises clínicas e toxicológicas",NULL,NULL,NULL,"1","0","#800000"
"727A03","Toxicological analysis",NULL,NULL,"Análises toxicológicas",NULL,NULL,NULL,"1","0","#800000"
"727F01","Pharmacy",NULL,NULL,"Farmácia",NULL,NULL,NULL,"1","0","#800000"
"727F02","Biochemical pharmacy",NULL,NULL,"Farmácia bioquímica",NULL,NULL,NULL,"1","0","#800000"
"727F03","Bromatological pharmacy",NULL,NULL,"Farmácia bromatológica",NULL,NULL,NULL,"1","0","#800000"
"727F04","Compounding pharmacy",NULL,NULL,"Farmácia de manipulação",NULL,NULL,NULL,"1","0","#800000"
"727F05","Industrial pharmacy",NULL,NULL,"Farmácia industrial",NULL,NULL,NULL,"1","0","#800000"
"76","Social Work",NULL,NULL,"Trabalho Social",NULL,NULL,NULL,"0","0","#ffe999"
"761A02","Youth care",NULL,NULL,"Atendimento aos jovens",NULL,NULL,NULL,"1","0","#ffe999"
"762A01","Guidance and counselling",NULL,NULL,"Aconselhamento e orientação",NULL,NULL,NULL,"1","0","#ffe999"
"762P01","Social policy",NULL,NULL,"Política social",NULL,NULL,NULL,"1","0","#ffe999"
"762P02","Social practice",NULL,NULL,"Prática social",NULL,NULL,NULL,"1","0","#ffe999"
"762S01","Social service",NULL,NULL,"Serviço social",NULL,NULL,NULL,"1","0","#ffe999"
"762T01","Social theory (applied)",NULL,NULL,"Teoria social (aplicada)",NULL,NULL,NULL,"1","0","#ffe999"
"81","Hopitality Management",NULL,NULL,"Gestão Hoteleira",NULL,NULL,NULL,"0","0","#ffc41c"
"810S01","Private care services",NULL,NULL,"Serviços a particulares",NULL,NULL,NULL,"1","0","#ffc41c"
"811C01","Industrial food service (restaurant and hotel type)",NULL,NULL,"Cozinha industrial (do tipo restaurante e hotel)",NULL,NULL,NULL,"1","0","#ffc41c"
"811G01","Gastronomy",NULL,NULL,"Gastronomia",NULL,NULL,NULL,"1","0","#ffc41c"
"811G02","Gastronomy (technologist)",NULL,NULL,"Gastronomia (Tecnólogo)",NULL,NULL,NULL,"1","0","#ffc41c"
"811H01","Hotel and restaurants",NULL,NULL,"Hotelaria e restaurantes",NULL,NULL,NULL,"1","0","#ffc41c"
"811H02","Hotel",NULL,NULL,"Hotelaria",NULL,NULL,NULL,"1","0","#ffc41c"
"811H03","Hotel (technologist)",NULL,NULL,"Hotelaria (Tecnólogo)",NULL,NULL,NULL,"1","0","#ffc41c"
"811S01","Food services (catering)",NULL,NULL,"Serviços de alimentação (catering)",NULL,NULL,NULL,"1","0","#ffc41c"
"812E01","Events",NULL,NULL,"Eventos",NULL,NULL,NULL,"1","0","#ffc41c"
"812L01","Entertainment and tourism",NULL,NULL,"Lazer e turismo",NULL,NULL,NULL,"1","0","#ffc41c"
"812P01","Tourism planning and organization",NULL,NULL,"Planejamento e organização do turismo",NULL,NULL,NULL,"1","0","#ffc41c"
"812R01","Recreation and entertainment",NULL,NULL,"Recreação e lazer",NULL,NULL,NULL,"1","0","#ffc41c"
"812T01","Tourism",NULL,NULL,"Turismo",NULL,NULL,NULL,"1","0","#ffc41c"
"812T02","Tourism and hotel",NULL,NULL,"Turismo e hotelaria",NULL,NULL,NULL,"1","0","#ffc41c"
"812T03","Tourism management (technologist)",NULL,NULL,"Gestão de Turismo (Tecnólogo)",NULL,NULL,NULL,"1","0","#ffc41c"
"812V01","Travels and tourism",NULL,NULL,"Viagens e turismo",NULL,NULL,NULL,"1","0","#ffc41c"
"813E01","Sports",NULL,NULL,"Esportes",NULL,NULL,NULL,"1","0","#ffc41c"
"813F02","Training of coaches and sport instructors",NULL,NULL,"Formação de técnicos e treinadores esportivos",NULL,NULL,NULL,"1","0","#ffc41c"
"813G01","Gymnastics",NULL,NULL,"Ginástica",NULL,NULL,NULL,"1","0","#ffc41c"
"813G02","Sports and leisure management",NULL,NULL,"Gestão desportiva e de lazer",NULL,NULL,NULL,"1","0","#ffc41c"
"813T01","Physical training (sports)",NULL,NULL,"Treinamento físico (esportes)",NULL,NULL,NULL,"1","0","#ffc41c"
"814C01","Domestic sciences",NULL,NULL,"Ciências domésticas",NULL,NULL,NULL,"1","0","#ffc41c"
"814E02","Home economics",NULL,NULL,"Economia doméstica",NULL,NULL,NULL,"1","0","#ffc41c"
"815C01","Cosmetology (beauty treatment)",NULL,NULL,"Cosmetologia",NULL,NULL,NULL,"1","0","#ffc41c"
"815E01","Fitness and cosmetics course",NULL,NULL,"Curso Estética e Cosmética",NULL,NULL,NULL,"1","0","#ffc41c"
"815T01","Beauty therapy",NULL,NULL,"Terapias da beleza",NULL,NULL,NULL,"1","0","#ffc41c"
"84","Transportation",NULL,NULL,"Transporte",NULL,NULL,NULL,"0","0","#9edae5"
"840A01","Aviation",NULL,NULL,"Aviação",NULL,NULL,NULL,"1","0","#9edae5"
"840C04","Aeronautical science",NULL,NULL,"Ciência aeronáutica",NULL,NULL,NULL,"1","0","#9edae5"
"840N02","Fluvial navigation",NULL,NULL,"Navegação fluvial",NULL,NULL,NULL,"1","0","#9edae5"
"840O01","Operation of aircrafts",NULL,NULL,"Operação de aeronaves",NULL,NULL,NULL,"1","0","#9edae5"
"840S01","Harbor services",NULL,NULL,"Serviço portuário",NULL,NULL,NULL,"1","0","#9edae5"
"840S02","Airport services",NULL,NULL,"Serviço aeroportuário",NULL,NULL,NULL,"1","0","#9edae5"
"840T01","Navigation technologies",NULL,NULL,"Tecnologias de navegação",NULL,NULL,NULL,"1","0","#9edae5"
"840T02","Transports",NULL,NULL,"Transportes",NULL,NULL,NULL,"1","0","#9edae5"
"85","Environmental Studies",NULL,NULL,"Estudos Ambientais",NULL,NULL,NULL,"0","0","#2f2f6d"
"850C02","Environmental protection/preservation",NULL,NULL,"Conservação/proteção ambiental",NULL,NULL,NULL,"1","0","#2f2f6d"
"850G01","Environmental management",NULL,NULL,"Gestão ambiental",NULL,NULL,NULL,"1","0","#2f2f6d"
"850M01","Environment",NULL,NULL,"Meio ambiente",NULL,NULL,NULL,"1","0","#2f2f6d"
"850R01","Natural resources",NULL,NULL,"Recursos naturais",NULL,NULL,NULL,"1","0","#2f2f6d"
"851C02","Environmental control",NULL,NULL,"Controle ambiental",NULL,NULL,NULL,"1","0","#2f2f6d"
"851C06","Control of industrial waste disposals",NULL,NULL,"Controle de descargas industriais",NULL,NULL,NULL,"1","0","#2f2f6d"
"851R01","Recycling",NULL,NULL,"Reciclagem",NULL,NULL,NULL,"1","0","#2f2f6d"
"851T01","Environmental protection technology",NULL,NULL,"Tecnologia da proteção ambiental",NULL,NULL,NULL,"1","0","#2f2f6d"
"851T02","Ecological technology",NULL,NULL,"Tecnologia ecológica",NULL,NULL,NULL,"1","0","#2f2f6d"
"853I01","Sanitary inspection",NULL,NULL,"Inspeção sanitária",NULL,NULL,NULL,"1","0","#2f2f6d"
"853S01","Community sanitation",NULL,NULL,"Saneamento comunitário",NULL,NULL,NULL,"1","0","#2f2f6d"
"86","Public Safety",NULL,NULL,"Segurança Pública",NULL,NULL,NULL,"0","0","#a4bd99"
"860S01","Security services",NULL,NULL,"Serviços de segurança",NULL,NULL,NULL,"1","0","#a4bd99"
"861D01","Civil defense",NULL,NULL,"Defesa civil",NULL,NULL,NULL,"1","0","#a4bd99"
"861S01","Civil safety",NULL,NULL,"Segurança civil",NULL,NULL,NULL,"1","0","#a4bd99"
"861S02","Public safety",NULL,NULL,"Segurança pública",NULL,NULL,NULL,"1","0","#a4bd99"
"862S01","Occupational health and safety",NULL,NULL,"Saúde e segurança no trabalho",NULL,NULL,NULL,"1","0","#a4bd99"
"863C01","Military science",NULL,NULL,"Ciência militar",NULL,NULL,NULL,"1","0","#a4bd99"
"863F01","Military training",NULL,NULL,"Formação militar",NULL,NULL,NULL,"1","0","#a4bd99"
